Base Infectivity,Circumcision Reduced Acquire,Infmrl Condoms Max,Infmrl Form Rate,Infrml Condom Mid,Infrml Condom Rate,Infrml Dur Het,Male To Female Old,Male To Female Young,Max Infmrl F LOW,Max Infmrl F MED,Max Infmrl M LOW,Max Infmrl M MED,Max Mrtl F ME,Max Mrtl M ME,Max Trns F LOW,Max Trns F MED,Max Trns M LOW,Max Trns M MED,Mrtl Condom Max,Mrtl Condom Mid,Mrtl Condom Rate,Mrtl Form Rate,Pr Ex Infmrl Fem LOW,Pr Ex Infmrl Fem MED,Pr Ex Infmrl Male LOW,Pr Ex Infmrl Male MED,Pr Ex Trns Fem LOW,Pr Ex Trns Fem MED,Pr Ex Trns Male LOW,Pr Ex Trns Male MED,Risk Assortivity,SeedYr HIGH,Sexual Debut Age Female Weibull Heterogeneity,Sexual Debut Age Female Weibull Scale,Sexual Debut Age Male Weibull Heterogeneity,Sexual Debut Age Male Weibull Scale,Swaziland: LOW Risk,Trns Condom Max,Trns Condom Mid,Trns Condom Rate,Trns Form Rate,iteration_number,likelihood,parameterization_id,run_number,sim_id
0.002416406374437901,0.5989431462600663,0.42396077479405153,0.001173547965034765,1995.6763086397725,2.553451175984561,0.8762815429959637,3.397848505405677,8.0,1.3351734519456884,0.9810916930687936,1.8576375255971473,0.9,1.0766535651243332,1.0923353148315258,1.231527907024215,2.3516261867756785,1.4257394851999439,3.0,0.23702095956785385,2002.1230913354564,3.5436485911442235,0.001,0.26876896774038206,0.429646962521751,0.5384053143997077,0.07719292557332777,0.15200769933207664,0.5121036378351288,0.13458091922802765,0.8,0.95,1988.4102220554912,0.14068353069320028,16.50642780551142,0.1448644500232825,17.343691634166895,0.7714779769663356,0.24998907221356997,1995.1262730818983,2.375132651956772,0.0006483935555838447,9,77.68945995688739,0,28588,Simulation_3CSSBXO3
0.002416406374437901,0.5989431462600663,0.42396077479405153,0.001173547965034765,1995.6763086397725,2.553451175984561,0.8762815429959637,3.397848505405677,8.0,1.3351734519456884,0.9810916930687936,1.8576375255971473,0.9,1.0766535651243332,1.0923353148315258,1.231527907024215,2.3516261867756785,1.4257394851999439,3.0,0.23702095956785385,2002.1230913354564,3.5436485911442235,0.001,0.26876896774038206,0.429646962521751,0.5384053143997077,0.07719292557332777,0.15200769933207664,0.5121036378351288,0.13458091922802765,0.8,0.95,1988.4102220554912,0.14068353069320028,16.50642780551142,0.1448644500232825,17.343691634166895,0.7714779769663356,0.24998907221356997,1995.1262730818983,2.375132651956772,0.0006483935555838447,9,77.68945995688739,1,52839,Simulation_20U9I5F0
0.002416406374437901,0.5989431462600663,0.42396077479405153,0.001173547965034765,1995.6763086397725,2.553451175984561,0.8762815429959637,3.397848505405677,8.0,1.3351734519456884,0.9810916930687936,1.8576375255971473,0.9,1.0766535651243332,1.0923353148315258,1.231527907024215,2.3516261867756785,1.4257394851999439,3.0,0.23702095956785385,2002.1230913354564,3.5436485911442235,0.001,0.26876896774038206,0.429646962521751,0.5384053143997077,0.07719292557332777,0.15200769933207664,0.5121036378351288,0.13458091922802765,0.8,0.95,1988.4102220554912,0.14068353069320028,16.50642780551142,0.1448644500232825,17.343691634166895,0.7714779769663356,0.24998907221356997,1995.1262730818983,2.375132651956772,0.0006483935555838447,9,77.68945995688739,2,52103,Simulation_O3TUCY9T
0.002416406374437901,0.5989431462600663,0.42396077479405153,0.001173547965034765,1995.6763086397725,2.553451175984561,0.8762815429959637,3.397848505405677,8.0,1.3351734519456884,0.9810916930687936,1.8576375255971473,0.9,1.0766535651243332,1.0923353148315258,1.231527907024215,2.3516261867756785,1.4257394851999439,3.0,0.23702095956785385,2002.1230913354564,3.5436485911442235,0.001,0.26876896774038206,0.429646962521751,0.5384053143997077,0.07719292557332777,0.15200769933207664,0.5121036378351288,0.13458091922802765,0.8,0.95,1988.4102220554912,0.14068353069320028,16.50642780551142,0.1448644500232825,17.343691634166895,0.7714779769663356,0.24998907221356997,1995.1262730818983,2.375132651956772,0.0006483935555838447,10,77.68466748449121,3,40147,Simulation_V6QJO3SJ
0.002416406374437901,0.5989431462600663,0.42396077479405153,0.001173547965034765,1995.6763086397725,2.553451175984561,0.8762815429959637,3.397848505405677,8.0,1.3351734519456884,0.9810916930687936,1.8576375255971473,0.9,1.0766535651243332,1.0923353148315258,1.231527907024215,2.3516261867756785,1.4257394851999439,3.0,0.23702095956785385,2002.1230913354564,3.5436485911442235,0.001,0.26876896774038206,0.429646962521751,0.5384053143997077,0.07719292557332777,0.15200769933207664,0.5121036378351288,0.13458091922802765,0.8,0.95,1988.4102220554912,0.14068353069320028,16.50642780551142,0.1448644500232825,17.343691634166895,0.7714779769663356,0.24998907221356997,1995.1262730818983,2.375132651956772,0.0006483935555838447,10,77.68466748449121,4,43947,Simulation_VQZ5KH9E
0.002416406374437901,0.5989431462600663,0.42396077479405153,0.001173547965034765,1995.6763086397725,2.553451175984561,0.8762815429959637,3.397848505405677,8.0,1.3351734519456884,0.9810916930687936,1.8576375255971473,0.9,1.0766535651243332,1.0923353148315258,1.231527907024215,2.3516261867756785,1.4257394851999439,3.0,0.23702095956785385,2002.1230913354564,3.5436485911442235,0.001,0.26876896774038206,0.429646962521751,0.5384053143997077,0.07719292557332777,0.15200769933207664,0.5121036378351288,0.13458091922802765,0.8,0.95,1988.4102220554912,0.14068353069320028,16.50642780551142,0.1448644500232825,17.343691634166895,0.7714779769663356,0.24998907221356997,1995.1262730818983,2.375132651956772,0.0006483935555838447,10,77.68466748449121,5,18480,Simulation_4L3IA4B9
0.002416406374437901,0.5989431462600663,0.42396077479405153,0.001173547965034765,1995.6763086397725,2.553451175984561,0.8762815429959637,3.397848505405677,8.0,1.3351734519456884,0.9810916930687936,1.8576375255971473,0.9,1.0766535651243332,1.0923353148315258,1.231527907024215,2.3516261867756785,1.4257394851999439,3.0,0.23702095956785385,2002.1230913354564,3.5436485911442235,0.001,0.26876896774038206,0.429646962521751,0.5384053143997077,0.07719292557332777,0.15200769933207664,0.5121036378351288,0.13458091922802765,0.8,0.95,1988.4102220554912,0.14068353069320028,16.50642780551142,0.1448644500232825,17.343691634166895,0.7714779769663356,0.24998907221356997,1995.1262730818983,2.375132651956772,0.0006483935555838447,10,77.62864481597808,6,45139,Simulation_ZYA1N7VL
0.002416406374437901,0.5989431462600663,0.42396077479405153,0.001173547965034765,1995.6763086397725,2.553451175984561,0.8762815429959637,3.397848505405677,8.0,1.3351734519456884,0.9810916930687936,1.8576375255971473,0.9,1.0766535651243332,1.0923353148315258,1.231527907024215,2.3516261867756785,1.4257394851999439,3.0,0.23702095956785385,2002.1230913354564,3.5436485911442235,0.001,0.26876896774038206,0.429646962521751,0.5384053143997077,0.07719292557332777,0.15200769933207664,0.5121036378351288,0.13458091922802765,0.8,0.95,1988.4102220554912,0.14068353069320028,16.50642780551142,0.1448644500232825,17.343691634166895,0.7714779769663356,0.24998907221356997,1995.1262730818983,2.375132651956772,0.0006483935555838447,10,77.62864481597808,7,4937,Simulation_30DVEZQ9
0.002416406374437901,0.5989431462600663,0.42396077479405153,0.001173547965034765,1995.6763086397725,2.553451175984561,0.8762815429959637,3.397848505405677,8.0,1.3351734519456884,0.9810916930687936,1.8576375255971473,0.9,1.0766535651243332,1.0923353148315258,1.231527907024215,2.3516261867756785,1.4257394851999439,3.0,0.23702095956785385,2002.1230913354564,3.5436485911442235,0.001,0.26876896774038206,0.429646962521751,0.5384053143997077,0.07719292557332777,0.15200769933207664,0.5121036378351288,0.13458091922802765,0.8,0.95,1988.4102220554912,0.14068353069320028,16.50642780551142,0.1448644500232825,17.343691634166895,0.7714779769663356,0.24998907221356997,1995.1262730818983,2.375132651956772,0.0006483935555838447,10,77.62864481597808,8,49423,Simulation_YHRKHQS3
0.002416406374437901,0.5989431462600663,0.42396077479405153,0.001173547965034765,1995.6763086397725,2.553451175984561,0.8762815429959637,3.397848505405677,8.0,1.3351734519456884,0.9810916930687936,1.8576375255971473,0.9,1.0766535651243332,1.0923353148315258,1.231527907024215,2.3516261867756785,1.4257394851999439,3.0,0.23702095956785385,2002.1230913354564,3.5436485911442235,0.001,0.26876896774038206,0.429646962521751,0.5384053143997077,0.07719292557332777,0.15200769933207664,0.5121036378351288,0.13458091922802765,0.8,0.95,1988.4102220554912,0.14068353069320028,16.50642780551142,0.1448644500232825,17.343691634166895,0.7714779769663356,0.24998907221356997,1995.1262730818983,2.375132651956772,0.0006483935555838447,10,77.60147522958717,9,9876,Simulation_ZSN9FXFR
0.002416406374437901,0.5989431462600663,0.42396077479405153,0.001173547965034765,1995.6763086397725,2.553451175984561,0.8762815429959637,3.397848505405677,8.0,1.3351734519456884,0.9810916930687936,1.8576375255971473,0.9,1.0766535651243332,1.0923353148315258,1.231527907024215,2.3516261867756785,1.4257394851999439,3.0,0.23702095956785385,2002.1230913354564,3.5436485911442235,0.001,0.26876896774038206,0.429646962521751,0.5384053143997077,0.07719292557332777,0.15200769933207664,0.5121036378351288,0.13458091922802765,0.8,0.95,1988.4102220554912,0.14068353069320028,16.50642780551142,0.1448644500232825,17.343691634166895,0.7714779769663356,0.24998907221356997,1995.1262730818983,2.375132651956772,0.0006483935555838447,10,77.60147522958717,10,36039,Simulation_JEQ7CZAH
0.002416406374437901,0.5989431462600663,0.42396077479405153,0.001173547965034765,1995.6763086397725,2.553451175984561,0.8762815429959637,3.397848505405677,8.0,1.3351734519456884,0.9810916930687936,1.8576375255971473,0.9,1.0766535651243332,1.0923353148315258,1.231527907024215,2.3516261867756785,1.4257394851999439,3.0,0.23702095956785385,2002.1230913354564,3.5436485911442235,0.001,0.26876896774038206,0.429646962521751,0.5384053143997077,0.07719292557332777,0.15200769933207664,0.5121036378351288,0.13458091922802765,0.8,0.95,1988.4102220554912,0.14068353069320028,16.50642780551142,0.1448644500232825,17.343691634166895,0.7714779769663356,0.24998907221356997,1995.1262730818983,2.375132651956772,0.0006483935555838447,10,77.60147522958717,11,58917,Simulation_65F65RXJ
0.002579865798525036,0.6858134898912859,0.40328735113783604,0.001398259246886737,1996.2954555846538,2.4786709290028233,0.8693190840316095,3.127690045411142,7.615729386400686,1.425575294907369,0.9,1.8798219241944427,1.0197439525784584,1.014217254528803,0.9292107176694457,1.3109423478298394,2.437371109928325,1.5130126088487175,2.6827250734778807,0.1790012358991341,2001.3736002695557,2.77933394488531,0.0009686631680880086,0.19692952462251068,0.4442444275134138,0.5043287728958803,0.12167280780931515,0.14117021464463814,0.5662803668147615,0.12460865611250521,0.8,0.95,1987.5707240378504,0.1725842255651485,16.84886034219066,0.15050248572933395,17.81057746982171,0.7729646129301163,0.20946503616592174,1997.407460143479,2.320143160912747,0.0005373913812380242,9,77.60114668264747,12,21371,Simulation_WIWKSKTD
0.002579865798525036,0.6858134898912859,0.40328735113783604,0.001398259246886737,1996.2954555846538,2.4786709290028233,0.8693190840316095,3.127690045411142,7.615729386400686,1.425575294907369,0.9,1.8798219241944427,1.0197439525784584,1.014217254528803,0.9292107176694457,1.3109423478298394,2.437371109928325,1.5130126088487175,2.6827250734778807,0.1790012358991341,2001.3736002695557,2.77933394488531,0.0009686631680880086,0.19692952462251068,0.4442444275134138,0.5043287728958803,0.12167280780931515,0.14117021464463814,0.5662803668147615,0.12460865611250521,0.8,0.95,1987.5707240378504,0.1725842255651485,16.84886034219066,0.15050248572933395,17.81057746982171,0.7729646129301163,0.20946503616592174,1997.407460143479,2.320143160912747,0.0005373913812380242,9,77.60114668264747,13,41706,Simulation_70B5M4QB
0.002579865798525036,0.6858134898912859,0.40328735113783604,0.001398259246886737,1996.2954555846538,2.4786709290028233,0.8693190840316095,3.127690045411142,7.615729386400686,1.425575294907369,0.9,1.8798219241944427,1.0197439525784584,1.014217254528803,0.9292107176694457,1.3109423478298394,2.437371109928325,1.5130126088487175,2.6827250734778807,0.1790012358991341,2001.3736002695557,2.77933394488531,0.0009686631680880086,0.19692952462251068,0.4442444275134138,0.5043287728958803,0.12167280780931515,0.14117021464463814,0.5662803668147615,0.12460865611250521,0.8,0.95,1987.5707240378504,0.1725842255651485,16.84886034219066,0.15050248572933395,17.81057746982171,0.7729646129301163,0.20946503616592174,1997.407460143479,2.320143160912747,0.0005373913812380242,9,77.60114668264747,14,53084,Simulation_RQ23473L
0.002572931322051693,0.5494229215891185,0.41687331916507264,0.0013309742306104068,1995.6279142360504,2.364943647897759,0.8966357928546422,3.3794446132422866,7.651243765624775,1.2786999955616498,1.0058299135073168,1.8514092208006916,0.9,1.0147987148344375,1.1701853301999847,1.1349146104054209,2.2704294987808358,1.4474161458974881,3.0,0.19186905720461,2001.2791043473205,2.9842213071532457,0.001,0.2633339295230272,0.4,0.5085740073014434,0.1073637727475785,0.16861024116617923,0.5192365599756804,0.12235533238680962,0.8,0.9179809926965525,1988.1138764885172,0.12878551310295785,16.871695147209294,0.13277336444462548,18.063390025800967,0.8,0.2541777702521137,1996.5426691590967,2.2754062050016706,0.0005504613875353621,10,77.59396390214705,15,39689,Simulation_QOKUPE4J
0.002572931322051693,0.5494229215891185,0.41687331916507264,0.0013309742306104068,1995.6279142360504,2.364943647897759,0.8966357928546422,3.3794446132422866,7.651243765624775,1.2786999955616498,1.0058299135073168,1.8514092208006916,0.9,1.0147987148344375,1.1701853301999847,1.1349146104054209,2.2704294987808358,1.4474161458974881,3.0,0.19186905720461,2001.2791043473205,2.9842213071532457,0.001,0.2633339295230272,0.4,0.5085740073014434,0.1073637727475785,0.16861024116617923,0.5192365599756804,0.12235533238680962,0.8,0.9179809926965525,1988.1138764885172,0.12878551310295785,16.871695147209294,0.13277336444462548,18.063390025800967,0.8,0.2541777702521137,1996.5426691590967,2.2754062050016706,0.0005504613875353621,10,77.59396390214705,16,12691,Simulation_X8TASUSB
0.002572931322051693,0.5494229215891185,0.41687331916507264,0.0013309742306104068,1995.6279142360504,2.364943647897759,0.8966357928546422,3.3794446132422866,7.651243765624775,1.2786999955616498,1.0058299135073168,1.8514092208006916,0.9,1.0147987148344375,1.1701853301999847,1.1349146104054209,2.2704294987808358,1.4474161458974881,3.0,0.19186905720461,2001.2791043473205,2.9842213071532457,0.001,0.2633339295230272,0.4,0.5085740073014434,0.1073637727475785,0.16861024116617923,0.5192365599756804,0.12235533238680962,0.8,0.9179809926965525,1988.1138764885172,0.12878551310295785,16.871695147209294,0.13277336444462548,18.063390025800967,0.8,0.2541777702521137,1996.5426691590967,2.2754062050016706,0.0005504613875353621,10,77.59396390214705,17,36498,Simulation_PWEHUGSA
0.0025441298216441126,0.6317768768779074,0.4160200978416001,0.001390884421445715,1996.9074728409462,2.7093666200896025,0.9527505114561458,2.9979092100230726,7.3635682992650695,1.4258798585930625,0.9,1.8979443355815655,0.9,0.9822117011877438,1.0117789843099334,1.309559935061514,2.3297322384022467,1.5038195300585737,3.0,0.21124061465247804,2001.73079181818,3.004452528311156,0.0009669217052998762,0.24251693886128933,0.4,0.5560620484313856,0.13187550338261633,0.13528902728695696,0.5169121695534812,0.14221079780606538,0.8,0.95,1987.3150832972274,0.18556404939535456,16.936820040379903,0.1671128371594387,17.257082235518013,0.768961199161201,0.26534864455806734,1995.07267403632,2.6889220366078526,0.0004938006808176744,8,77.56751077919171,18,41553,Simulation_MEDFKL0R
0.0025441298216441126,0.6317768768779074,0.4160200978416001,0.001390884421445715,1996.9074728409462,2.7093666200896025,0.9527505114561458,2.9979092100230726,7.3635682992650695,1.4258798585930625,0.9,1.8979443355815655,0.9,0.9822117011877438,1.0117789843099334,1.309559935061514,2.3297322384022467,1.5038195300585737,3.0,0.21124061465247804,2001.73079181818,3.004452528311156,0.0009669217052998762,0.24251693886128933,0.4,0.5560620484313856,0.13187550338261633,0.13528902728695696,0.5169121695534812,0.14221079780606538,0.8,0.95,1987.3150832972274,0.18556404939535456,16.936820040379903,0.1671128371594387,17.257082235518013,0.768961199161201,0.26534864455806734,1995.07267403632,2.6889220366078526,0.0004938006808176744,8,77.56751077919171,19,46818,Simulation_JX7S90TP
0.0025441298216441126,0.6317768768779074,0.4160200978416001,0.001390884421445715,1996.9074728409462,2.7093666200896025,0.9527505114561458,2.9979092100230726,7.3635682992650695,1.4258798585930625,0.9,1.8979443355815655,0.9,0.9822117011877438,1.0117789843099334,1.309559935061514,2.3297322384022467,1.5038195300585737,3.0,0.21124061465247804,2001.73079181818,3.004452528311156,0.0009669217052998762,0.24251693886128933,0.4,0.5560620484313856,0.13187550338261633,0.13528902728695696,0.5169121695534812,0.14221079780606538,0.8,0.95,1987.3150832972274,0.18556404939535456,16.936820040379903,0.1671128371594387,17.257082235518013,0.768961199161201,0.26534864455806734,1995.07267403632,2.6889220366078526,0.0004938006808176744,8,77.56751077919171,20,12955,Simulation_PAHBBE86
0.002416406374437901,0.5989431462600663,0.42396077479405153,0.001173547965034765,1995.6763086397725,2.553451175984561,0.8762815429959637,3.397848505405677,8.0,1.3351734519456884,0.9810916930687936,1.8576375255971473,0.9,1.0766535651243332,1.0923353148315258,1.231527907024215,2.3516261867756785,1.4257394851999439,3.0,0.23702095956785385,2002.1230913354564,3.5436485911442235,0.001,0.26876896774038206,0.429646962521751,0.5384053143997077,0.07719292557332777,0.15200769933207664,0.5121036378351288,0.13458091922802765,0.8,0.95,1988.4102220554912,0.14068353069320028,16.50642780551142,0.1448644500232825,17.343691634166895,0.7714779769663356,0.24998907221356997,1995.1262730818983,2.375132651956772,0.0006483935555838447,10,77.55128011672016,21,63389,Simulation_TOXHUL0A
0.002416406374437901,0.5989431462600663,0.42396077479405153,0.001173547965034765,1995.6763086397725,2.553451175984561,0.8762815429959637,3.397848505405677,8.0,1.3351734519456884,0.9810916930687936,1.8576375255971473,0.9,1.0766535651243332,1.0923353148315258,1.231527907024215,2.3516261867756785,1.4257394851999439,3.0,0.23702095956785385,2002.1230913354564,3.5436485911442235,0.001,0.26876896774038206,0.429646962521751,0.5384053143997077,0.07719292557332777,0.15200769933207664,0.5121036378351288,0.13458091922802765,0.8,0.95,1988.4102220554912,0.14068353069320028,16.50642780551142,0.1448644500232825,17.343691634166895,0.7714779769663356,0.24998907221356997,1995.1262730818983,2.375132651956772,0.0006483935555838447,10,77.55128011672016,22,20893,Simulation_19L6ATBE
0.002416406374437901,0.5989431462600663,0.42396077479405153,0.001173547965034765,1995.6763086397725,2.553451175984561,0.8762815429959637,3.397848505405677,8.0,1.3351734519456884,0.9810916930687936,1.8576375255971473,0.9,1.0766535651243332,1.0923353148315258,1.231527907024215,2.3516261867756785,1.4257394851999439,3.0,0.23702095956785385,2002.1230913354564,3.5436485911442235,0.001,0.26876896774038206,0.429646962521751,0.5384053143997077,0.07719292557332777,0.15200769933207664,0.5121036378351288,0.13458091922802765,0.8,0.95,1988.4102220554912,0.14068353069320028,16.50642780551142,0.1448644500232825,17.343691634166895,0.7714779769663356,0.24998907221356997,1995.1262730818983,2.375132651956772,0.0006483935555838447,10,77.55128011672016,23,59171,Simulation_0XIVHR47
0.0025441298216441126,0.6317768768779074,0.4160200978416001,0.001390884421445715,1996.9074728409462,2.7093666200896025,0.9527505114561458,2.9979092100230726,7.3635682992650695,1.4258798585930625,0.9,1.8979443355815655,0.9,0.9822117011877438,1.0117789843099334,1.309559935061514,2.3297322384022467,1.5038195300585737,3.0,0.21124061465247804,2001.73079181818,3.004452528311156,0.0009669217052998762,0.24251693886128933,0.4,0.5560620484313856,0.13187550338261633,0.13528902728695696,0.5169121695534812,0.14221079780606538,0.8,0.95,1987.3150832972274,0.18556404939535456,16.936820040379903,0.1671128371594387,17.257082235518013,0.768961199161201,0.26534864455806734,1995.07267403632,2.6889220366078526,0.0004938006808176744,9,77.53945593135494,24,3241,Simulation_UUU86KAE
0.0025441298216441126,0.6317768768779074,0.4160200978416001,0.001390884421445715,1996.9074728409462,2.7093666200896025,0.9527505114561458,2.9979092100230726,7.3635682992650695,1.4258798585930625,0.9,1.8979443355815655,0.9,0.9822117011877438,1.0117789843099334,1.309559935061514,2.3297322384022467,1.5038195300585737,3.0,0.21124061465247804,2001.73079181818,3.004452528311156,0.0009669217052998762,0.24251693886128933,0.4,0.5560620484313856,0.13187550338261633,0.13528902728695696,0.5169121695534812,0.14221079780606538,0.8,0.95,1987.3150832972274,0.18556404939535456,16.936820040379903,0.1671128371594387,17.257082235518013,0.768961199161201,0.26534864455806734,1995.07267403632,2.6889220366078526,0.0004938006808176744,9,77.53945593135494,25,21232,Simulation_HV07XJPD
0.0025441298216441126,0.6317768768779074,0.4160200978416001,0.001390884421445715,1996.9074728409462,2.7093666200896025,0.9527505114561458,2.9979092100230726,7.3635682992650695,1.4258798585930625,0.9,1.8979443355815655,0.9,0.9822117011877438,1.0117789843099334,1.309559935061514,2.3297322384022467,1.5038195300585737,3.0,0.21124061465247804,2001.73079181818,3.004452528311156,0.0009669217052998762,0.24251693886128933,0.4,0.5560620484313856,0.13187550338261633,0.13528902728695696,0.5169121695534812,0.14221079780606538,0.8,0.95,1987.3150832972274,0.18556404939535456,16.936820040379903,0.1671128371594387,17.257082235518013,0.768961199161201,0.26534864455806734,1995.07267403632,2.6889220366078526,0.0004938006808176744,9,77.53945593135494,26,16486,Simulation_6LOXJ94N
0.0025986024276669,0.6119945201287578,0.41946793852217923,0.001500335932985496,1995.9279929100746,2.7118722398827346,0.9999,3.011354483612142,7.7433116305522045,1.4550267165362332,0.9,1.962506820920992,0.9,0.9650942286719398,0.9918310083435102,1.3063411351820828,2.181599060759666,1.4628500776426911,2.988429092622838,0.2357811262904126,2000.04180306416,3.2239207758073665,0.0009580947626781025,0.16758715739882754,0.4,0.5255979786191847,0.12777067571193731,0.12951343770125198,0.5317160324927515,0.1272966143152656,0.8,0.95,1988.3618928524218,0.1809336283693652,16.944304804035923,0.17180441215470946,17.850402284107545,0.7460362664901996,0.17144446098610777,1995.0,2.613874545908209,0.0005183190926976187,9,77.53781933146482,27,11096,Simulation_QQD4HYJS
0.0025986024276669,0.6119945201287578,0.41946793852217923,0.001500335932985496,1995.9279929100746,2.7118722398827346,0.9999,3.011354483612142,7.7433116305522045,1.4550267165362332,0.9,1.962506820920992,0.9,0.9650942286719398,0.9918310083435102,1.3063411351820828,2.181599060759666,1.4628500776426911,2.988429092622838,0.2357811262904126,2000.04180306416,3.2239207758073665,0.0009580947626781025,0.16758715739882754,0.4,0.5255979786191847,0.12777067571193731,0.12951343770125198,0.5317160324927515,0.1272966143152656,0.8,0.95,1988.3618928524218,0.1809336283693652,16.944304804035923,0.17180441215470946,17.850402284107545,0.7460362664901996,0.17144446098610777,1995.0,2.613874545908209,0.0005183190926976187,9,77.53781933146482,28,46378,Simulation_K1DIE94H
0.0025986024276669,0.6119945201287578,0.41946793852217923,0.001500335932985496,1995.9279929100746,2.7118722398827346,0.9999,3.011354483612142,7.7433116305522045,1.4550267165362332,0.9,1.962506820920992,0.9,0.9650942286719398,0.9918310083435102,1.3063411351820828,2.181599060759666,1.4628500776426911,2.988429092622838,0.2357811262904126,2000.04180306416,3.2239207758073665,0.0009580947626781025,0.16758715739882754,0.4,0.5255979786191847,0.12777067571193731,0.12951343770125198,0.5317160324927515,0.1272966143152656,0.8,0.95,1988.3618928524218,0.1809336283693652,16.944304804035923,0.17180441215470946,17.850402284107545,0.7460362664901996,0.17144446098610777,1995.0,2.613874545908209,0.0005183190926976187,9,77.53781933146482,29,27165,Simulation_5W422675
0.0025441298216441126,0.6317768768779074,0.4160200978416001,0.001390884421445715,1996.9074728409462,2.7093666200896025,0.9527505114561458,2.9979092100230726,7.3635682992650695,1.4258798585930625,0.9,1.8979443355815655,0.9,0.9822117011877438,1.0117789843099334,1.309559935061514,2.3297322384022467,1.5038195300585737,3.0,0.21124061465247804,2001.73079181818,3.004452528311156,0.0009669217052998762,0.24251693886128933,0.4,0.5560620484313856,0.13187550338261633,0.13528902728695696,0.5169121695534812,0.14221079780606538,0.8,0.95,1987.3150832972274,0.18556404939535456,16.936820040379903,0.1671128371594387,17.257082235518013,0.768961199161201,0.26534864455806734,1995.07267403632,2.6889220366078526,0.0004938006808176744,9,77.53409032761438,30,10199,Simulation_SQFFPNCC
0.0025441298216441126,0.6317768768779074,0.4160200978416001,0.001390884421445715,1996.9074728409462,2.7093666200896025,0.9527505114561458,2.9979092100230726,7.3635682992650695,1.4258798585930625,0.9,1.8979443355815655,0.9,0.9822117011877438,1.0117789843099334,1.309559935061514,2.3297322384022467,1.5038195300585737,3.0,0.21124061465247804,2001.73079181818,3.004452528311156,0.0009669217052998762,0.24251693886128933,0.4,0.5560620484313856,0.13187550338261633,0.13528902728695696,0.5169121695534812,0.14221079780606538,0.8,0.95,1987.3150832972274,0.18556404939535456,16.936820040379903,0.1671128371594387,17.257082235518013,0.768961199161201,0.26534864455806734,1995.07267403632,2.6889220366078526,0.0004938006808176744,9,77.53409032761438,31,1073,Simulation_O1LCDPIG
0.0025441298216441126,0.6317768768779074,0.4160200978416001,0.001390884421445715,1996.9074728409462,2.7093666200896025,0.9527505114561458,2.9979092100230726,7.3635682992650695,1.4258798585930625,0.9,1.8979443355815655,0.9,0.9822117011877438,1.0117789843099334,1.309559935061514,2.3297322384022467,1.5038195300585737,3.0,0.21124061465247804,2001.73079181818,3.004452528311156,0.0009669217052998762,0.24251693886128933,0.4,0.5560620484313856,0.13187550338261633,0.13528902728695696,0.5169121695534812,0.14221079780606538,0.8,0.95,1987.3150832972274,0.18556404939535456,16.936820040379903,0.1671128371594387,17.257082235518013,0.768961199161201,0.26534864455806734,1995.07267403632,2.6889220366078526,0.0004938006808176744,9,77.53409032761438,32,62508,Simulation_USMU2UZY
0.0025441298216441126,0.6317768768779074,0.4160200978416001,0.001390884421445715,1996.9074728409462,2.7093666200896025,0.9527505114561458,2.9979092100230726,7.3635682992650695,1.4258798585930625,0.9,1.8979443355815655,0.9,0.9822117011877438,1.0117789843099334,1.309559935061514,2.3297322384022467,1.5038195300585737,3.0,0.21124061465247804,2001.73079181818,3.004452528311156,0.0009669217052998762,0.24251693886128933,0.4,0.5560620484313856,0.13187550338261633,0.13528902728695696,0.5169121695534812,0.14221079780606538,0.8,0.95,1987.3150832972274,0.18556404939535456,16.936820040379903,0.1671128371594387,17.257082235518013,0.768961199161201,0.26534864455806734,1995.07267403632,2.6889220366078526,0.0004938006808176744,8,77.53309948352226,33,25629,Simulation_6UZXXQQ8
0.0025441298216441126,0.6317768768779074,0.4160200978416001,0.001390884421445715,1996.9074728409462,2.7093666200896025,0.9527505114561458,2.9979092100230726,7.3635682992650695,1.4258798585930625,0.9,1.8979443355815655,0.9,0.9822117011877438,1.0117789843099334,1.309559935061514,2.3297322384022467,1.5038195300585737,3.0,0.21124061465247804,2001.73079181818,3.004452528311156,0.0009669217052998762,0.24251693886128933,0.4,0.5560620484313856,0.13187550338261633,0.13528902728695696,0.5169121695534812,0.14221079780606538,0.8,0.95,1987.3150832972274,0.18556404939535456,16.936820040379903,0.1671128371594387,17.257082235518013,0.768961199161201,0.26534864455806734,1995.07267403632,2.6889220366078526,0.0004938006808176744,8,77.53309948352226,34,29998,Simulation_T1N42XHM
0.0025441298216441126,0.6317768768779074,0.4160200978416001,0.001390884421445715,1996.9074728409462,2.7093666200896025,0.9527505114561458,2.9979092100230726,7.3635682992650695,1.4258798585930625,0.9,1.8979443355815655,0.9,0.9822117011877438,1.0117789843099334,1.309559935061514,2.3297322384022467,1.5038195300585737,3.0,0.21124061465247804,2001.73079181818,3.004452528311156,0.0009669217052998762,0.24251693886128933,0.4,0.5560620484313856,0.13187550338261633,0.13528902728695696,0.5169121695534812,0.14221079780606538,0.8,0.95,1987.3150832972274,0.18556404939535456,16.936820040379903,0.1671128371594387,17.257082235518013,0.768961199161201,0.26534864455806734,1995.07267403632,2.6889220366078526,0.0004938006808176744,8,77.53309948352226,35,8390,Simulation_RREACYR7
0.002465689101659966,0.538441690387004,0.41217630717512466,0.0013946263550949122,1996.7659609934067,2.597193431846588,0.8730434112816883,3.060957949602778,8.0,1.2772495879740229,1.0591556540838578,1.784286695588788,0.9522366198870266,1.015098616465648,1.2124176743262571,1.458910958637481,2.3771316802782705,1.507790832429163,2.7397919814859826,0.2701781820789548,2002.3911807836419,3.835955489342105,0.001,0.27183547106417194,0.42345877981256963,0.5283298663316948,0.0636138801059051,0.12014635222564743,0.45741131856733863,0.06393743340143657,0.7371958933600419,0.95,1989.110481951588,0.11460318045720454,16.61974922910681,0.12650159612489198,17.069139858536875,0.7450252531651247,0.19349635269567997,1995.7203769969744,2.783217407007962,0.0005568880211672317,10,77.52943402202838,36,36849,Simulation_G8PDJKJ0
0.002465689101659966,0.538441690387004,0.41217630717512466,0.0013946263550949122,1996.7659609934067,2.597193431846588,0.8730434112816883,3.060957949602778,8.0,1.2772495879740229,1.0591556540838578,1.784286695588788,0.9522366198870266,1.015098616465648,1.2124176743262571,1.458910958637481,2.3771316802782705,1.507790832429163,2.7397919814859826,0.2701781820789548,2002.3911807836419,3.835955489342105,0.001,0.27183547106417194,0.42345877981256963,0.5283298663316948,0.0636138801059051,0.12014635222564743,0.45741131856733863,0.06393743340143657,0.7371958933600419,0.95,1989.110481951588,0.11460318045720454,16.61974922910681,0.12650159612489198,17.069139858536875,0.7450252531651247,0.19349635269567997,1995.7203769969744,2.783217407007962,0.0005568880211672317,10,77.52943402202838,37,56804,Simulation_QS4ESCP9
0.002465689101659966,0.538441690387004,0.41217630717512466,0.0013946263550949122,1996.7659609934067,2.597193431846588,0.8730434112816883,3.060957949602778,8.0,1.2772495879740229,1.0591556540838578,1.784286695588788,0.9522366198870266,1.015098616465648,1.2124176743262571,1.458910958637481,2.3771316802782705,1.507790832429163,2.7397919814859826,0.2701781820789548,2002.3911807836419,3.835955489342105,0.001,0.27183547106417194,0.42345877981256963,0.5283298663316948,0.0636138801059051,0.12014635222564743,0.45741131856733863,0.06393743340143657,0.7371958933600419,0.95,1989.110481951588,0.11460318045720454,16.61974922910681,0.12650159612489198,17.069139858536875,0.7450252531651247,0.19349635269567997,1995.7203769969744,2.783217407007962,0.0005568880211672317,10,77.52943402202838,38,48730,Simulation_W5Q4LY2C
0.0025092179028700034,0.5987721976059963,0.40003234407767807,0.001545996598833536,1996.4277932633556,2.391909522209385,0.9999,3.4973660598606164,8.0,1.3091499156231243,1.1187542630107614,1.7740721461861602,0.9831837423994441,1.1453964189161552,1.100051600566755,1.0785514041030408,2.4274955004784395,1.670683845029295,2.726958566316396,0.22400826773369148,2001.7361206308733,3.1924169826644833,0.0009898636664726612,0.3103314880275558,0.4,0.5893915380826972,0.01887284255075717,0.13097620529182946,0.4314271100714761,0.1288890489106105,0.7580461290710332,0.95,1989.4039895669703,0.10060273172532147,16.569377555382733,0.1475898842260394,17.157829047303967,0.7358359797466886,0.2406060481697098,1995.0,2.1552196750506676,0.000498170580533217,10,77.51023845351216,39,11041,Simulation_QU6YMZ76
0.0025092179028700034,0.5987721976059963,0.40003234407767807,0.001545996598833536,1996.4277932633556,2.391909522209385,0.9999,3.4973660598606164,8.0,1.3091499156231243,1.1187542630107614,1.7740721461861602,0.9831837423994441,1.1453964189161552,1.100051600566755,1.0785514041030408,2.4274955004784395,1.670683845029295,2.726958566316396,0.22400826773369148,2001.7361206308733,3.1924169826644833,0.0009898636664726612,0.3103314880275558,0.4,0.5893915380826972,0.01887284255075717,0.13097620529182946,0.4314271100714761,0.1288890489106105,0.7580461290710332,0.95,1989.4039895669703,0.10060273172532147,16.569377555382733,0.1475898842260394,17.157829047303967,0.7358359797466886,0.2406060481697098,1995.0,2.1552196750506676,0.000498170580533217,10,77.51023845351216,40,17228,Simulation_ERPTZHAQ
0.0025092179028700034,0.5987721976059963,0.40003234407767807,0.001545996598833536,1996.4277932633556,2.391909522209385,0.9999,3.4973660598606164,8.0,1.3091499156231243,1.1187542630107614,1.7740721461861602,0.9831837423994441,1.1453964189161552,1.100051600566755,1.0785514041030408,2.4274955004784395,1.670683845029295,2.726958566316396,0.22400826773369148,2001.7361206308733,3.1924169826644833,0.0009898636664726612,0.3103314880275558,0.4,0.5893915380826972,0.01887284255075717,0.13097620529182946,0.4314271100714761,0.1288890489106105,0.7580461290710332,0.95,1989.4039895669703,0.10060273172532147,16.569377555382733,0.1475898842260394,17.157829047303967,0.7358359797466886,0.2406060481697098,1995.0,2.1552196750506676,0.000498170580533217,10,77.51023845351216,41,22044,Simulation_XN2S8YGF
0.0025441298216441126,0.6317768768779074,0.4160200978416001,0.001390884421445715,1996.9074728409462,2.7093666200896025,0.9527505114561458,2.9979092100230726,7.3635682992650695,1.4258798585930625,0.9,1.8979443355815655,0.9,0.9822117011877438,1.0117789843099334,1.309559935061514,2.3297322384022467,1.5038195300585737,3.0,0.21124061465247804,2001.73079181818,3.004452528311156,0.0009669217052998762,0.24251693886128933,0.4,0.5560620484313856,0.13187550338261633,0.13528902728695696,0.5169121695534812,0.14221079780606538,0.8,0.95,1987.3150832972274,0.18556404939535456,16.936820040379903,0.1671128371594387,17.257082235518013,0.768961199161201,0.26534864455806734,1995.07267403632,2.6889220366078526,0.0004938006808176744,8,77.50910914342386,42,34482,Simulation_FP3ZQI3S
0.0025441298216441126,0.6317768768779074,0.4160200978416001,0.001390884421445715,1996.9074728409462,2.7093666200896025,0.9527505114561458,2.9979092100230726,7.3635682992650695,1.4258798585930625,0.9,1.8979443355815655,0.9,0.9822117011877438,1.0117789843099334,1.309559935061514,2.3297322384022467,1.5038195300585737,3.0,0.21124061465247804,2001.73079181818,3.004452528311156,0.0009669217052998762,0.24251693886128933,0.4,0.5560620484313856,0.13187550338261633,0.13528902728695696,0.5169121695534812,0.14221079780606538,0.8,0.95,1987.3150832972274,0.18556404939535456,16.936820040379903,0.1671128371594387,17.257082235518013,0.768961199161201,0.26534864455806734,1995.07267403632,2.6889220366078526,0.0004938006808176744,8,77.50910914342386,43,54764,Simulation_TK0X3O8X
0.0025441298216441126,0.6317768768779074,0.4160200978416001,0.001390884421445715,1996.9074728409462,2.7093666200896025,0.9527505114561458,2.9979092100230726,7.3635682992650695,1.4258798585930625,0.9,1.8979443355815655,0.9,0.9822117011877438,1.0117789843099334,1.309559935061514,2.3297322384022467,1.5038195300585737,3.0,0.21124061465247804,2001.73079181818,3.004452528311156,0.0009669217052998762,0.24251693886128933,0.4,0.5560620484313856,0.13187550338261633,0.13528902728695696,0.5169121695534812,0.14221079780606538,0.8,0.95,1987.3150832972274,0.18556404939535456,16.936820040379903,0.1671128371594387,17.257082235518013,0.768961199161201,0.26534864455806734,1995.07267403632,2.6889220366078526,0.0004938006808176744,8,77.50910914342386,44,35164,Simulation_A34X25J8
0.0025441298216441126,0.6317768768779074,0.4160200978416001,0.001390884421445715,1996.9074728409462,2.7093666200896025,0.9527505114561458,2.9979092100230726,7.3635682992650695,1.4258798585930625,0.9,1.8979443355815655,0.9,0.9822117011877438,1.0117789843099334,1.309559935061514,2.3297322384022467,1.5038195300585737,3.0,0.21124061465247804,2001.73079181818,3.004452528311156,0.0009669217052998762,0.24251693886128933,0.4,0.5560620484313856,0.13187550338261633,0.13528902728695696,0.5169121695534812,0.14221079780606538,0.8,0.95,1987.3150832972274,0.18556404939535456,16.936820040379903,0.1671128371594387,17.257082235518013,0.768961199161201,0.26534864455806734,1995.07267403632,2.6889220366078526,0.0004938006808176744,9,77.50439493775845,45,18061,Simulation_IIW36BTP
0.0025441298216441126,0.6317768768779074,0.4160200978416001,0.001390884421445715,1996.9074728409462,2.7093666200896025,0.9527505114561458,2.9979092100230726,7.3635682992650695,1.4258798585930625,0.9,1.8979443355815655,0.9,0.9822117011877438,1.0117789843099334,1.309559935061514,2.3297322384022467,1.5038195300585737,3.0,0.21124061465247804,2001.73079181818,3.004452528311156,0.0009669217052998762,0.24251693886128933,0.4,0.5560620484313856,0.13187550338261633,0.13528902728695696,0.5169121695534812,0.14221079780606538,0.8,0.95,1987.3150832972274,0.18556404939535456,16.936820040379903,0.1671128371594387,17.257082235518013,0.768961199161201,0.26534864455806734,1995.07267403632,2.6889220366078526,0.0004938006808176744,9,77.50439493775845,46,17920,Simulation_PZDHOYRV
0.0025441298216441126,0.6317768768779074,0.4160200978416001,0.001390884421445715,1996.9074728409462,2.7093666200896025,0.9527505114561458,2.9979092100230726,7.3635682992650695,1.4258798585930625,0.9,1.8979443355815655,0.9,0.9822117011877438,1.0117789843099334,1.309559935061514,2.3297322384022467,1.5038195300585737,3.0,0.21124061465247804,2001.73079181818,3.004452528311156,0.0009669217052998762,0.24251693886128933,0.4,0.5560620484313856,0.13187550338261633,0.13528902728695696,0.5169121695534812,0.14221079780606538,0.8,0.95,1987.3150832972274,0.18556404939535456,16.936820040379903,0.1671128371594387,17.257082235518013,0.768961199161201,0.26534864455806734,1995.07267403632,2.6889220366078526,0.0004938006808176744,9,77.50439493775845,47,17183,Simulation_KWN6YZA9
0.0025441298216441126,0.6317768768779074,0.4160200978416001,0.001390884421445715,1996.9074728409462,2.7093666200896025,0.9527505114561458,2.9979092100230726,7.3635682992650695,1.4258798585930625,0.9,1.8979443355815655,0.9,0.9822117011877438,1.0117789843099334,1.309559935061514,2.3297322384022467,1.5038195300585737,3.0,0.21124061465247804,2001.73079181818,3.004452528311156,0.0009669217052998762,0.24251693886128933,0.4,0.5560620484313856,0.13187550338261633,0.13528902728695696,0.5169121695534812,0.14221079780606538,0.8,0.95,1987.3150832972274,0.18556404939535456,16.936820040379903,0.1671128371594387,17.257082235518013,0.768961199161201,0.26534864455806734,1995.07267403632,2.6889220366078526,0.0004938006808176744,8,77.50382152329638,48,62698,Simulation_5H6BFSQX
0.0025441298216441126,0.6317768768779074,0.4160200978416001,0.001390884421445715,1996.9074728409462,2.7093666200896025,0.9527505114561458,2.9979092100230726,7.3635682992650695,1.4258798585930625,0.9,1.8979443355815655,0.9,0.9822117011877438,1.0117789843099334,1.309559935061514,2.3297322384022467,1.5038195300585737,3.0,0.21124061465247804,2001.73079181818,3.004452528311156,0.0009669217052998762,0.24251693886128933,0.4,0.5560620484313856,0.13187550338261633,0.13528902728695696,0.5169121695534812,0.14221079780606538,0.8,0.95,1987.3150832972274,0.18556404939535456,16.936820040379903,0.1671128371594387,17.257082235518013,0.768961199161201,0.26534864455806734,1995.07267403632,2.6889220366078526,0.0004938006808176744,8,77.50382152329638,49,42895,Simulation_XMQZKKGZ
0.0025441298216441126,0.6317768768779074,0.4160200978416001,0.001390884421445715,1996.9074728409462,2.7093666200896025,0.9527505114561458,2.9979092100230726,7.3635682992650695,1.4258798585930625,0.9,1.8979443355815655,0.9,0.9822117011877438,1.0117789843099334,1.309559935061514,2.3297322384022467,1.5038195300585737,3.0,0.21124061465247804,2001.73079181818,3.004452528311156,0.0009669217052998762,0.24251693886128933,0.4,0.5560620484313856,0.13187550338261633,0.13528902728695696,0.5169121695534812,0.14221079780606538,0.8,0.95,1987.3150832972274,0.18556404939535456,16.936820040379903,0.1671128371594387,17.257082235518013,0.768961199161201,0.26534864455806734,1995.07267403632,2.6889220366078526,0.0004938006808176744,8,77.50382152329638,50,7478,Simulation_R3NUHS3A
0.0026267868675497086,0.6082639999180077,0.42317627445604716,0.001584047492699786,1995.9105107431308,2.512124331169928,0.8387871513579337,3.1635431516602153,7.6441490736136934,1.574321412577915,0.9,1.802139699032644,0.9,1.0051579194341567,0.9489717689092432,1.3253104391024297,2.3177389130610853,1.5231407773490546,3.0,0.15819083276157989,2000.8104135138333,2.9906941145861947,0.001,0.23338463551554178,0.47283180832161686,0.5471142603729492,0.06784710499474027,0.11390270220216345,0.357978199069646,0.1572778961748897,0.7890977835390105,0.95,1988.2638232927818,0.1741780543055868,17.45482232173053,0.1028749682689167,17.421248572632912,0.7524095996611223,0.2135341868552374,1995.0,2.9948780979612524,0.0004066675540266614,8,77.50089838576106,51,54090,Simulation_B78RH7AK
0.0026267868675497086,0.6082639999180077,0.42317627445604716,0.001584047492699786,1995.9105107431308,2.512124331169928,0.8387871513579337,3.1635431516602153,7.6441490736136934,1.574321412577915,0.9,1.802139699032644,0.9,1.0051579194341567,0.9489717689092432,1.3253104391024297,2.3177389130610853,1.5231407773490546,3.0,0.15819083276157989,2000.8104135138333,2.9906941145861947,0.001,0.23338463551554178,0.47283180832161686,0.5471142603729492,0.06784710499474027,0.11390270220216345,0.357978199069646,0.1572778961748897,0.7890977835390105,0.95,1988.2638232927818,0.1741780543055868,17.45482232173053,0.1028749682689167,17.421248572632912,0.7524095996611223,0.2135341868552374,1995.0,2.9948780979612524,0.0004066675540266614,8,77.50089838576106,52,53898,Simulation_EO0C1059
0.0026267868675497086,0.6082639999180077,0.42317627445604716,0.001584047492699786,1995.9105107431308,2.512124331169928,0.8387871513579337,3.1635431516602153,7.6441490736136934,1.574321412577915,0.9,1.802139699032644,0.9,1.0051579194341567,0.9489717689092432,1.3253104391024297,2.3177389130610853,1.5231407773490546,3.0,0.15819083276157989,2000.8104135138333,2.9906941145861947,0.001,0.23338463551554178,0.47283180832161686,0.5471142603729492,0.06784710499474027,0.11390270220216345,0.357978199069646,0.1572778961748897,0.7890977835390105,0.95,1988.2638232927818,0.1741780543055868,17.45482232173053,0.1028749682689167,17.421248572632912,0.7524095996611223,0.2135341868552374,1995.0,2.9948780979612524,0.0004066675540266614,8,77.50089838576106,53,63966,Simulation_PSVKPPSP
0.002550198656627275,0.6174879288441449,0.47152301857867235,0.0013952454469029422,1996.6630349274467,2.5026086363671465,0.8605182442441244,2.8687122171940858,6.7681555671238565,1.4632727736890774,0.9,1.9051156348253042,0.9,0.9,0.9627841800569181,1.4133014560044475,2.243018847428718,1.5153893553285795,3.0,0.1866160741297357,2000.7385366616513,3.0987616802561804,0.0009262494168002246,0.21678863576150442,0.42250284321809456,0.5731698478025171,0.1710781199983758,0.1196537781442093,0.6043579745510003,0.20644282683595633,0.8,0.95,1987.816546706512,0.23248249591808592,16.78695994309292,0.17264741272580567,18.351652043009636,0.8,0.24229949209452264,1996.0039756513295,2.913457291702272,0.0005504063047240372,5,77.48582180726987,54,63452,Simulation_J80J83BD
0.002550198656627275,0.6174879288441449,0.47152301857867235,0.0013952454469029422,1996.6630349274467,2.5026086363671465,0.8605182442441244,2.8687122171940858,6.7681555671238565,1.4632727736890774,0.9,1.9051156348253042,0.9,0.9,0.9627841800569181,1.4133014560044475,2.243018847428718,1.5153893553285795,3.0,0.1866160741297357,2000.7385366616513,3.0987616802561804,0.0009262494168002246,0.21678863576150442,0.42250284321809456,0.5731698478025171,0.1710781199983758,0.1196537781442093,0.6043579745510003,0.20644282683595633,0.8,0.95,1987.816546706512,0.23248249591808592,16.78695994309292,0.17264741272580567,18.351652043009636,0.8,0.24229949209452264,1996.0039756513295,2.913457291702272,0.0005504063047240372,5,77.48582180726987,55,24573,Simulation_NNIE84F4
0.002550198656627275,0.6174879288441449,0.47152301857867235,0.0013952454469029422,1996.6630349274467,2.5026086363671465,0.8605182442441244,2.8687122171940858,6.7681555671238565,1.4632727736890774,0.9,1.9051156348253042,0.9,0.9,0.9627841800569181,1.4133014560044475,2.243018847428718,1.5153893553285795,3.0,0.1866160741297357,2000.7385366616513,3.0987616802561804,0.0009262494168002246,0.21678863576150442,0.42250284321809456,0.5731698478025171,0.1710781199983758,0.1196537781442093,0.6043579745510003,0.20644282683595633,0.8,0.95,1987.816546706512,0.23248249591808592,16.78695994309292,0.17264741272580567,18.351652043009636,0.8,0.24229949209452264,1996.0039756513295,2.913457291702272,0.0005504063047240372,5,77.48582180726987,56,27368,Simulation_I19MHYY7
0.0025763470474284866,0.6237878402325983,0.4778844302455807,0.0011535945079610146,1996.702253241883,2.6081138006586633,0.7749191338885975,2.9184641787752446,6.955039802769563,1.4509803935201107,1.3075694509054552,2.0,0.9,0.9,1.0212879448445857,1.3825302510719253,2.1356795266792368,1.514789134237991,2.846580671189842,0.13964077842556646,2000.9790725432229,3.0104131867148443,0.0009330053948813993,0.13316875730859856,0.4419800851467261,0.5662376124093226,0.17918119251315098,0.1342049303259896,0.39069640332465433,0.2012599751392967,0.8,0.95,1988.2017481913551,0.20412041024559677,16.488417676362943,0.1673371750923883,19.01835378857473,0.8,0.2773208254825079,1996.550197845788,2.990817629414734,0.0006868479626142446,5,77.48390250616971,57,37822,Simulation_JKAP4ZOS
0.0025763470474284866,0.6237878402325983,0.4778844302455807,0.0011535945079610146,1996.702253241883,2.6081138006586633,0.7749191338885975,2.9184641787752446,6.955039802769563,1.4509803935201107,1.3075694509054552,2.0,0.9,0.9,1.0212879448445857,1.3825302510719253,2.1356795266792368,1.514789134237991,2.846580671189842,0.13964077842556646,2000.9790725432229,3.0104131867148443,0.0009330053948813993,0.13316875730859856,0.4419800851467261,0.5662376124093226,0.17918119251315098,0.1342049303259896,0.39069640332465433,0.2012599751392967,0.8,0.95,1988.2017481913551,0.20412041024559677,16.488417676362943,0.1673371750923883,19.01835378857473,0.8,0.2773208254825079,1996.550197845788,2.990817629414734,0.0006868479626142446,5,77.48390250616971,58,20551,Simulation_P0G8VE3V
0.0025763470474284866,0.6237878402325983,0.4778844302455807,0.0011535945079610146,1996.702253241883,2.6081138006586633,0.7749191338885975,2.9184641787752446,6.955039802769563,1.4509803935201107,1.3075694509054552,2.0,0.9,0.9,1.0212879448445857,1.3825302510719253,2.1356795266792368,1.514789134237991,2.846580671189842,0.13964077842556646,2000.9790725432229,3.0104131867148443,0.0009330053948813993,0.13316875730859856,0.4419800851467261,0.5662376124093226,0.17918119251315098,0.1342049303259896,0.39069640332465433,0.2012599751392967,0.8,0.95,1988.2017481913551,0.20412041024559677,16.488417676362943,0.1673371750923883,19.01835378857473,0.8,0.2773208254825079,1996.550197845788,2.990817629414734,0.0006868479626142446,5,77.48390250616971,59,37982,Simulation_0IN4L4AO
0.002660386907401296,0.6819299201626458,0.4161353469490835,0.0010726961535441836,1999.2762582955668,2.632016572429432,0.97866088882601,2.968045848368701,8.0,1.4314115602814113,0.9955516800123793,1.7993240656620069,0.9,1.0258748581499664,0.9093619882530672,1.4016861783902062,2.527156140368488,1.5279562735013432,3.0,0.1588366304747776,2000.9278336553034,2.7370806796587344,0.0008970916163709189,0.22613730789507336,0.4,0.5186906640901181,0.19718329149516578,0.11180135332270869,0.44033343790384005,0.185043024749382,0.8,0.95,1986.916315966259,0.13956056490334195,16.414413489816685,0.17031282684038518,17.490374987149213,0.7629630541418562,0.282269338904863,1995.397363249756,3.189438347432087,0.0004656578032866525,9,77.48316554944266,60,22302,Simulation_SB05RVYH
0.002660386907401296,0.6819299201626458,0.4161353469490835,0.0010726961535441836,1999.2762582955668,2.632016572429432,0.97866088882601,2.968045848368701,8.0,1.4314115602814113,0.9955516800123793,1.7993240656620069,0.9,1.0258748581499664,0.9093619882530672,1.4016861783902062,2.527156140368488,1.5279562735013432,3.0,0.1588366304747776,2000.9278336553034,2.7370806796587344,0.0008970916163709189,0.22613730789507336,0.4,0.5186906640901181,0.19718329149516578,0.11180135332270869,0.44033343790384005,0.185043024749382,0.8,0.95,1986.916315966259,0.13956056490334195,16.414413489816685,0.17031282684038518,17.490374987149213,0.7629630541418562,0.282269338904863,1995.397363249756,3.189438347432087,0.0004656578032866525,9,77.48316554944266,61,53582,Simulation_HUPWKG93
0.002660386907401296,0.6819299201626458,0.4161353469490835,0.0010726961535441836,1999.2762582955668,2.632016572429432,0.97866088882601,2.968045848368701,8.0,1.4314115602814113,0.9955516800123793,1.7993240656620069,0.9,1.0258748581499664,0.9093619882530672,1.4016861783902062,2.527156140368488,1.5279562735013432,3.0,0.1588366304747776,2000.9278336553034,2.7370806796587344,0.0008970916163709189,0.22613730789507336,0.4,0.5186906640901181,0.19718329149516578,0.11180135332270869,0.44033343790384005,0.185043024749382,0.8,0.95,1986.916315966259,0.13956056490334195,16.414413489816685,0.17031282684038518,17.490374987149213,0.7629630541418562,0.282269338904863,1995.397363249756,3.189438347432087,0.0004656578032866525,9,77.48316554944266,62,13589,Simulation_YX2MKRTU
0.0025441298216441126,0.6317768768779074,0.4160200978416001,0.001390884421445715,1996.9074728409462,2.7093666200896025,0.9527505114561458,2.9979092100230726,7.3635682992650695,1.4258798585930625,0.9,1.8979443355815655,0.9,0.9822117011877438,1.0117789843099334,1.309559935061514,2.3297322384022467,1.5038195300585737,3.0,0.21124061465247804,2001.73079181818,3.004452528311156,0.0009669217052998762,0.24251693886128933,0.4,0.5560620484313856,0.13187550338261633,0.13528902728695696,0.5169121695534812,0.14221079780606538,0.8,0.95,1987.3150832972274,0.18556404939535456,16.936820040379903,0.1671128371594387,17.257082235518013,0.768961199161201,0.26534864455806734,1995.07267403632,2.6889220366078526,0.0004938006808176744,8,77.47984915573204,63,42953,Simulation_RARYGQJY
0.0025441298216441126,0.6317768768779074,0.4160200978416001,0.001390884421445715,1996.9074728409462,2.7093666200896025,0.9527505114561458,2.9979092100230726,7.3635682992650695,1.4258798585930625,0.9,1.8979443355815655,0.9,0.9822117011877438,1.0117789843099334,1.309559935061514,2.3297322384022467,1.5038195300585737,3.0,0.21124061465247804,2001.73079181818,3.004452528311156,0.0009669217052998762,0.24251693886128933,0.4,0.5560620484313856,0.13187550338261633,0.13528902728695696,0.5169121695534812,0.14221079780606538,0.8,0.95,1987.3150832972274,0.18556404939535456,16.936820040379903,0.1671128371594387,17.257082235518013,0.768961199161201,0.26534864455806734,1995.07267403632,2.6889220366078526,0.0004938006808176744,8,77.47984915573204,64,22814,Simulation_0H2TXTZE
0.0025441298216441126,0.6317768768779074,0.4160200978416001,0.001390884421445715,1996.9074728409462,2.7093666200896025,0.9527505114561458,2.9979092100230726,7.3635682992650695,1.4258798585930625,0.9,1.8979443355815655,0.9,0.9822117011877438,1.0117789843099334,1.309559935061514,2.3297322384022467,1.5038195300585737,3.0,0.21124061465247804,2001.73079181818,3.004452528311156,0.0009669217052998762,0.24251693886128933,0.4,0.5560620484313856,0.13187550338261633,0.13528902728695696,0.5169121695534812,0.14221079780606538,0.8,0.95,1987.3150832972274,0.18556404939535456,16.936820040379903,0.1671128371594387,17.257082235518013,0.768961199161201,0.26534864455806734,1995.07267403632,2.6889220366078526,0.0004938006808176744,8,77.47984915573204,65,50131,Simulation_UPNAHL4L
0.0023897565139445456,0.5523188155821943,0.4088265128166149,0.0011333226851742491,1996.659482285435,2.467606907441836,0.8064660355745508,3.07441881953066,7.323191614129978,1.549476917313785,1.2108985597205195,1.7361482545781082,1.2701528794426533,1.1904999379995513,1.0736244300850344,1.3326822226573944,2.2168491234254857,1.435503718688636,3.0,0.16509365054668346,2003.5281161868036,3.6257800183180717,0.0009875036344062671,0.3409927872677438,0.40777286060042667,0.5309312569464926,0.13156385701433873,0.13034909723849034,0.49226816613546737,0.0896133310718304,0.7243155947038183,0.9199371351930093,1988.907958120121,0.1290813452529025,16.875083030543106,0.16355883054330672,17.887109054108976,0.7730364160731972,0.22040884738176866,1995.0,2.6916900520072553,0.0006239351249851922,10,77.47886240725681,66,11950,Simulation_MDEEV2RL
0.0023897565139445456,0.5523188155821943,0.4088265128166149,0.0011333226851742491,1996.659482285435,2.467606907441836,0.8064660355745508,3.07441881953066,7.323191614129978,1.549476917313785,1.2108985597205195,1.7361482545781082,1.2701528794426533,1.1904999379995513,1.0736244300850344,1.3326822226573944,2.2168491234254857,1.435503718688636,3.0,0.16509365054668346,2003.5281161868036,3.6257800183180717,0.0009875036344062671,0.3409927872677438,0.40777286060042667,0.5309312569464926,0.13156385701433873,0.13034909723849034,0.49226816613546737,0.0896133310718304,0.7243155947038183,0.9199371351930093,1988.907958120121,0.1290813452529025,16.875083030543106,0.16355883054330672,17.887109054108976,0.7730364160731972,0.22040884738176866,1995.0,2.6916900520072553,0.0006239351249851922,10,77.47886240725681,67,45756,Simulation_EZ3SJLZV
0.0023897565139445456,0.5523188155821943,0.4088265128166149,0.0011333226851742491,1996.659482285435,2.467606907441836,0.8064660355745508,3.07441881953066,7.323191614129978,1.549476917313785,1.2108985597205195,1.7361482545781082,1.2701528794426533,1.1904999379995513,1.0736244300850344,1.3326822226573944,2.2168491234254857,1.435503718688636,3.0,0.16509365054668346,2003.5281161868036,3.6257800183180717,0.0009875036344062671,0.3409927872677438,0.40777286060042667,0.5309312569464926,0.13156385701433873,0.13034909723849034,0.49226816613546737,0.0896133310718304,0.7243155947038183,0.9199371351930093,1988.907958120121,0.1290813452529025,16.875083030543106,0.16355883054330672,17.887109054108976,0.7730364160731972,0.22040884738176866,1995.0,2.6916900520072553,0.0006239351249851922,10,77.47886240725681,68,50750,Simulation_N2KS50UQ
0.0024925645570321726,0.6233136083624466,0.37787400844609853,0.0011601703104957963,1996.7753574691856,2.980882054272911,0.9999,3.1169017624426987,7.014020941046661,1.328289551002781,0.9,1.9747083201180309,0.995769670003021,1.0413091779170014,1.0985351786341926,1.3650789655483364,2.0471481272667154,1.4349081682179206,3.0,0.2586036248907633,2000.0039865971257,3.388413275734326,0.001,0.213374241013406,0.4,0.5585014221058949,0.11279987494447671,0.11997751774127703,0.48634738736804134,0.15178347507147902,0.7233527900283663,0.95,1986.8592514744093,0.15920060100300487,17.263800300491862,0.14356119203418072,17.445943196393763,0.7992491876543051,0.14259201334583999,1995.0,2.6306195654824207,0.000640349811724456,9,77.46963926090655,69,64513,Simulation_W5BB7ZI4
0.0024925645570321726,0.6233136083624466,0.37787400844609853,0.0011601703104957963,1996.7753574691856,2.980882054272911,0.9999,3.1169017624426987,7.014020941046661,1.328289551002781,0.9,1.9747083201180309,0.995769670003021,1.0413091779170014,1.0985351786341926,1.3650789655483364,2.0471481272667154,1.4349081682179206,3.0,0.2586036248907633,2000.0039865971257,3.388413275734326,0.001,0.213374241013406,0.4,0.5585014221058949,0.11279987494447671,0.11997751774127703,0.48634738736804134,0.15178347507147902,0.7233527900283663,0.95,1986.8592514744093,0.15920060100300487,17.263800300491862,0.14356119203418072,17.445943196393763,0.7992491876543051,0.14259201334583999,1995.0,2.6306195654824207,0.000640349811724456,9,77.46963926090655,70,27655,Simulation_HNFVJ673
0.0024925645570321726,0.6233136083624466,0.37787400844609853,0.0011601703104957963,1996.7753574691856,2.980882054272911,0.9999,3.1169017624426987,7.014020941046661,1.328289551002781,0.9,1.9747083201180309,0.995769670003021,1.0413091779170014,1.0985351786341926,1.3650789655483364,2.0471481272667154,1.4349081682179206,3.0,0.2586036248907633,2000.0039865971257,3.388413275734326,0.001,0.213374241013406,0.4,0.5585014221058949,0.11279987494447671,0.11997751774127703,0.48634738736804134,0.15178347507147902,0.7233527900283663,0.95,1986.8592514744093,0.15920060100300487,17.263800300491862,0.14356119203418072,17.445943196393763,0.7992491876543051,0.14259201334583999,1995.0,2.6306195654824207,0.000640349811724456,9,77.46963926090655,71,55362,Simulation_HY21VOAV
0.0025441298216441126,0.6317768768779074,0.4160200978416001,0.001390884421445715,1996.9074728409462,2.7093666200896025,0.9527505114561458,2.9979092100230726,7.3635682992650695,1.4258798585930625,0.9,1.8979443355815655,0.9,0.9822117011877438,1.0117789843099334,1.309559935061514,2.3297322384022467,1.5038195300585737,3.0,0.21124061465247804,2001.73079181818,3.004452528311156,0.0009669217052998762,0.24251693886128933,0.4,0.5560620484313856,0.13187550338261633,0.13528902728695696,0.5169121695534812,0.14221079780606538,0.8,0.95,1987.3150832972274,0.18556404939535456,16.936820040379903,0.1671128371594387,17.257082235518013,0.768961199161201,0.26534864455806734,1995.07267403632,2.6889220366078526,0.0004938006808176744,7,77.46199718444463,72,23876,Simulation_WVPJ9JEY
0.0025441298216441126,0.6317768768779074,0.4160200978416001,0.001390884421445715,1996.9074728409462,2.7093666200896025,0.9527505114561458,2.9979092100230726,7.3635682992650695,1.4258798585930625,0.9,1.8979443355815655,0.9,0.9822117011877438,1.0117789843099334,1.309559935061514,2.3297322384022467,1.5038195300585737,3.0,0.21124061465247804,2001.73079181818,3.004452528311156,0.0009669217052998762,0.24251693886128933,0.4,0.5560620484313856,0.13187550338261633,0.13528902728695696,0.5169121695534812,0.14221079780606538,0.8,0.95,1987.3150832972274,0.18556404939535456,16.936820040379903,0.1671128371594387,17.257082235518013,0.768961199161201,0.26534864455806734,1995.07267403632,2.6889220366078526,0.0004938006808176744,7,77.46199718444463,73,62608,Simulation_12774HPV
0.0025441298216441126,0.6317768768779074,0.4160200978416001,0.001390884421445715,1996.9074728409462,2.7093666200896025,0.9527505114561458,2.9979092100230726,7.3635682992650695,1.4258798585930625,0.9,1.8979443355815655,0.9,0.9822117011877438,1.0117789843099334,1.309559935061514,2.3297322384022467,1.5038195300585737,3.0,0.21124061465247804,2001.73079181818,3.004452528311156,0.0009669217052998762,0.24251693886128933,0.4,0.5560620484313856,0.13187550338261633,0.13528902728695696,0.5169121695534812,0.14221079780606538,0.8,0.95,1987.3150832972274,0.18556404939535456,16.936820040379903,0.1671128371594387,17.257082235518013,0.768961199161201,0.26534864455806734,1995.07267403632,2.6889220366078526,0.0004938006808176744,7,77.46199718444463,74,42237,Simulation_LFS9WNOB
0.002613771263957014,0.6214344224087667,0.4161124343513194,0.0017588472941806978,1996.312156991169,2.6008881533259216,0.9951430230162013,3.0517923556540567,7.003348058159327,1.4224944223281486,0.9,2.0,1.1386158425554567,1.0958911276118257,1.006856446923717,1.2422827733373494,2.1821156865691487,1.6501020086823814,3.0,0.23377470837043468,1999.3810382724873,3.203615293643959,0.001,0.23770686476195918,0.4,0.5469186050448573,0.1312702315314341,0.12963554001144587,0.5164316493399923,0.16409780182191713,0.7519601030568325,0.95,1985.1999021535087,0.22538552099423723,17.362555220985463,0.14801131447816646,17.42302897875134,0.7859869256921749,0.15529178991045195,1995.0,3.1865554033405865,0.0004322182467130184,9,77.4573640262524,75,4319,Simulation_Y5JJB6WM
0.002613771263957014,0.6214344224087667,0.4161124343513194,0.0017588472941806978,1996.312156991169,2.6008881533259216,0.9951430230162013,3.0517923556540567,7.003348058159327,1.4224944223281486,0.9,2.0,1.1386158425554567,1.0958911276118257,1.006856446923717,1.2422827733373494,2.1821156865691487,1.6501020086823814,3.0,0.23377470837043468,1999.3810382724873,3.203615293643959,0.001,0.23770686476195918,0.4,0.5469186050448573,0.1312702315314341,0.12963554001144587,0.5164316493399923,0.16409780182191713,0.7519601030568325,0.95,1985.1999021535087,0.22538552099423723,17.362555220985463,0.14801131447816646,17.42302897875134,0.7859869256921749,0.15529178991045195,1995.0,3.1865554033405865,0.0004322182467130184,9,77.4573640262524,76,57657,Simulation_9245KKJW
0.002613771263957014,0.6214344224087667,0.4161124343513194,0.0017588472941806978,1996.312156991169,2.6008881533259216,0.9951430230162013,3.0517923556540567,7.003348058159327,1.4224944223281486,0.9,2.0,1.1386158425554567,1.0958911276118257,1.006856446923717,1.2422827733373494,2.1821156865691487,1.6501020086823814,3.0,0.23377470837043468,1999.3810382724873,3.203615293643959,0.001,0.23770686476195918,0.4,0.5469186050448573,0.1312702315314341,0.12963554001144587,0.5164316493399923,0.16409780182191713,0.7519601030568325,0.95,1985.1999021535087,0.22538552099423723,17.362555220985463,0.14801131447816646,17.42302897875134,0.7859869256921749,0.15529178991045195,1995.0,3.1865554033405865,0.0004322182467130184,9,77.4573640262524,77,49017,Simulation_PT8JA1AP
0.0024313620479784644,0.6256605287620157,0.37810417030932747,0.0010605383925457344,1997.7199885124053,2.5026355836831415,0.9914411874254039,3.4913637673131923,7.585998637431778,1.57867324753731,0.9,1.9059019134291662,0.9021146041452408,0.9,0.9056119717250422,1.3839560693178388,2.1315334511994712,1.4820286579632114,3.0,0.1730212480972293,2002.3227946572447,3.03542176341968,0.0009111364715536468,0.2995668434894051,0.406422641219727,0.5795644102177637,0.08184753462660786,0.12163352711879206,0.5610338482839954,0.11148660555914983,0.8,0.8661546035550244,1987.0466488822542,0.1112924845410351,16.150383665599485,0.16932509281991073,17.115258551787786,0.7766726693340725,0.24982337444689884,1995.0,2.8913798051239414,0.0005406878064529833,8,77.45637877243091,78,25604,Simulation_65QK5S0B
0.0024313620479784644,0.6256605287620157,0.37810417030932747,0.0010605383925457344,1997.7199885124053,2.5026355836831415,0.9914411874254039,3.4913637673131923,7.585998637431778,1.57867324753731,0.9,1.9059019134291662,0.9021146041452408,0.9,0.9056119717250422,1.3839560693178388,2.1315334511994712,1.4820286579632114,3.0,0.1730212480972293,2002.3227946572447,3.03542176341968,0.0009111364715536468,0.2995668434894051,0.406422641219727,0.5795644102177637,0.08184753462660786,0.12163352711879206,0.5610338482839954,0.11148660555914983,0.8,0.8661546035550244,1987.0466488822542,0.1112924845410351,16.150383665599485,0.16932509281991073,17.115258551787786,0.7766726693340725,0.24982337444689884,1995.0,2.8913798051239414,0.0005406878064529833,8,77.45637877243091,79,12712,Simulation_TE5SOP3M
0.0024313620479784644,0.6256605287620157,0.37810417030932747,0.0010605383925457344,1997.7199885124053,2.5026355836831415,0.9914411874254039,3.4913637673131923,7.585998637431778,1.57867324753731,0.9,1.9059019134291662,0.9021146041452408,0.9,0.9056119717250422,1.3839560693178388,2.1315334511994712,1.4820286579632114,3.0,0.1730212480972293,2002.3227946572447,3.03542176341968,0.0009111364715536468,0.2995668434894051,0.406422641219727,0.5795644102177637,0.08184753462660786,0.12163352711879206,0.5610338482839954,0.11148660555914983,0.8,0.8661546035550244,1987.0466488822542,0.1112924845410351,16.150383665599485,0.16932509281991073,17.115258551787786,0.7766726693340725,0.24982337444689884,1995.0,2.8913798051239414,0.0005406878064529833,8,77.45637877243091,80,22635,Simulation_4AV1SVF1
0.002550198656627275,0.6174879288441449,0.47152301857867235,0.0013952454469029422,1996.6630349274467,2.5026086363671465,0.8605182442441244,2.8687122171940858,6.7681555671238565,1.4632727736890774,0.9,1.9051156348253042,0.9,0.9,0.9627841800569181,1.4133014560044475,2.243018847428718,1.5153893553285795,3.0,0.1866160741297357,2000.7385366616513,3.0987616802561804,0.0009262494168002246,0.21678863576150442,0.42250284321809456,0.5731698478025171,0.1710781199983758,0.1196537781442093,0.6043579745510003,0.20644282683595633,0.8,0.95,1987.816546706512,0.23248249591808592,16.78695994309292,0.17264741272580567,18.351652043009636,0.8,0.24229949209452264,1996.0039756513295,2.913457291702272,0.0005504063047240372,5,77.44990503742741,81,49450,Simulation_GJLRP5DE
0.002550198656627275,0.6174879288441449,0.47152301857867235,0.0013952454469029422,1996.6630349274467,2.5026086363671465,0.8605182442441244,2.8687122171940858,6.7681555671238565,1.4632727736890774,0.9,1.9051156348253042,0.9,0.9,0.9627841800569181,1.4133014560044475,2.243018847428718,1.5153893553285795,3.0,0.1866160741297357,2000.7385366616513,3.0987616802561804,0.0009262494168002246,0.21678863576150442,0.42250284321809456,0.5731698478025171,0.1710781199983758,0.1196537781442093,0.6043579745510003,0.20644282683595633,0.8,0.95,1987.816546706512,0.23248249591808592,16.78695994309292,0.17264741272580567,18.351652043009636,0.8,0.24229949209452264,1996.0039756513295,2.913457291702272,0.0005504063047240372,5,77.44990503742741,82,64978,Simulation_9V6V8V3V
0.002550198656627275,0.6174879288441449,0.47152301857867235,0.0013952454469029422,1996.6630349274467,2.5026086363671465,0.8605182442441244,2.8687122171940858,6.7681555671238565,1.4632727736890774,0.9,1.9051156348253042,0.9,0.9,0.9627841800569181,1.4133014560044475,2.243018847428718,1.5153893553285795,3.0,0.1866160741297357,2000.7385366616513,3.0987616802561804,0.0009262494168002246,0.21678863576150442,0.42250284321809456,0.5731698478025171,0.1710781199983758,0.1196537781442093,0.6043579745510003,0.20644282683595633,0.8,0.95,1987.816546706512,0.23248249591808592,16.78695994309292,0.17264741272580567,18.351652043009636,0.8,0.24229949209452264,1996.0039756513295,2.913457291702272,0.0005504063047240372,5,77.44990503742741,83,27573,Simulation_SCWEDA9Q
0.002550198656627275,0.6174879288441449,0.47152301857867235,0.0013952454469029422,1996.6630349274467,2.5026086363671465,0.8605182442441244,2.8687122171940858,6.7681555671238565,1.4632727736890774,0.9,1.9051156348253042,0.9,0.9,0.9627841800569181,1.4133014560044475,2.243018847428718,1.5153893553285795,3.0,0.1866160741297357,2000.7385366616513,3.0987616802561804,0.0009262494168002246,0.21678863576150442,0.42250284321809456,0.5731698478025171,0.1710781199983758,0.1196537781442093,0.6043579745510003,0.20644282683595633,0.8,0.95,1987.816546706512,0.23248249591808592,16.78695994309292,0.17264741272580567,18.351652043009636,0.8,0.24229949209452264,1996.0039756513295,2.913457291702272,0.0005504063047240372,5,77.15997454306441,84,29202,Simulation_FSKVYQ78
0.0025441298216441126,0.6317768768779074,0.4160200978416001,0.001390884421445715,1996.9074728409462,2.7093666200896025,0.9527505114561458,2.9979092100230726,7.3635682992650695,1.4258798585930625,0.9,1.8979443355815655,0.9,0.9822117011877438,1.0117789843099334,1.309559935061514,2.3297322384022467,1.5038195300585737,3.0,0.21124061465247804,2001.73079181818,3.004452528311156,0.0009669217052998762,0.24251693886128933,0.4,0.5560620484313856,0.13187550338261633,0.13528902728695696,0.5169121695534812,0.14221079780606538,0.8,0.95,1987.3150832972274,0.18556404939535456,16.936820040379903,0.1671128371594387,17.257082235518013,0.768961199161201,0.26534864455806734,1995.07267403632,2.6889220366078526,0.0004938006808176744,9,77.15839140415096,85,46720,Simulation_FE8PAIZ8
0.0023492579965315548,0.5971433975327041,0.46208351372338224,0.001615383736669357,1995.6633472622095,2.243227931919413,0.9999,2.590796273565884,5.834947718388353,1.470036824498675,0.9914804248222783,1.8847092099522225,1.0551894130696216,0.9,0.9,1.4795505374734226,2.1013576382141967,1.5308007197857887,3.0,0.1642999234908279,2000.6912909760006,3.1605308732003152,0.000847637131458781,0.23252926964963982,0.4368253665398179,0.5536128937013822,0.2025307647614873,0.11286759736210861,0.3836959387896687,0.2640321925452285,0.6492950753910266,0.95,1987.250298914492,0.21449178461666063,16.785979613306484,0.17019845908005102,18.19734922098695,0.7932620450886138,0.2622379344170739,1995.7597834743005,2.7072553170721787,0.0005604994339663208,4,77.07186178562051,86,9460,Simulation_PTMN0VGV
0.0026149734567849745,0.6324344081156358,0.49427696968787105,0.0015089610893609133,1997.3706689220714,2.53644124429819,0.718907142943029,3.069950526689201,7.335173698835427,1.4994618591000508,0.9405824837298197,1.7769639538770936,0.9,0.9,0.9368100443649671,1.1941298004560903,2.547057602941593,1.4935737318031603,3.0,0.22203599639897917,2002.1291732493514,2.9873609112680057,0.001,0.19688164578019007,0.4,0.5816245617236002,0.1560841718261578,0.11175129574238753,0.6640047590988983,0.20261163094645407,0.8,0.95,1986.1941990000607,0.28104413865513894,17.184322651703443,0.14776110841608187,17.854695280796943,0.793385731572707,0.297310609692947,1996.4305588140996,3.241564457548505,0.000538150476389943,5,76.87873470425619,87,28278,Simulation_59A4KAF9
0.002550198656627275,0.6174879288441449,0.47152301857867235,0.0013952454469029422,1996.6630349274467,2.5026086363671465,0.8605182442441244,2.8687122171940858,6.7681555671238565,1.4632727736890774,0.9,1.9051156348253042,0.9,0.9,0.9627841800569181,1.4133014560044475,2.243018847428718,1.5153893553285795,3.0,0.1866160741297357,2000.7385366616513,3.0987616802561804,0.0009262494168002246,0.21678863576150442,0.42250284321809456,0.5731698478025171,0.1710781199983758,0.1196537781442093,0.6043579745510003,0.20644282683595633,0.8,0.95,1987.816546706512,0.23248249591808592,16.78695994309292,0.17264741272580567,18.351652043009636,0.8,0.24229949209452264,1996.0039756513295,2.913457291702272,0.0005504063047240372,6,77.38527241726374,88,21796,Simulation_4IX9W5XS
0.002504233925313624,0.5645098019563036,0.4869974612185595,0.0015072508987382762,1995.0717880058742,2.52721542868679,0.7696404948178034,2.5848095634315857,6.004494281481943,1.7256727103330316,1.2798308524453725,1.9017859401605979,0.9163747031460756,0.962868544895635,1.0463279604544062,1.4552263974551534,2.3691023489473473,1.530104731872341,2.838765533669053,0.17163451948404768,1999.7151305771476,3.2680603669495665,0.0008135051421681105,0.18488306998284904,0.4,0.5967225236961131,0.23006168781364567,0.1291370607397438,0.7079438718812592,0.2062891620159258,0.7912603397264455,0.943899592531711,1986.9115219639334,0.22129090715376695,16.829826249951218,0.1890775937961764,18.291596974243202,0.8,0.388223240472905,1995.9745708922478,3.502812549552106,0.0005520227834532032,6,76.71971948079455,89,19091,Simulation_UE5CQN9R
0.00255173773092668,0.6302833053811132,0.4707939787139939,0.0013208997979391862,1995.1668990125052,2.6827330809947174,0.8950068114992068,2.536753974085343,6.001405465824883,1.577947284852554,1.0909174379398028,2.0,1.1380076789185598,0.938101607571953,0.9738988896440159,1.4608641519450751,2.035381079483246,1.6135225658631396,3.0,0.23130486301198272,1999.2720048691267,3.350386453429016,0.0009392492213652335,0.24180730610153528,0.45753543258359763,0.5598328404663105,0.16563867795925802,0.10550596542143822,0.52324659887779,0.2367198391587568,0.8,0.9438606508536549,1988.645005742178,0.19062992321020492,16.88360522106876,0.17606393655579422,18.373968994466836,0.7843961081495016,0.273896862490678,1996.0518163105562,2.6659356134594714,0.0004795044281193863,6,76.99432666025227,90,21851,Simulation_W0DZNTQE
0.002483974710373722,0.6000386976814021,0.44854686301618907,0.0018030047585740644,1998.0761980063296,2.905806283097269,0.9428335371997193,2.880568626444427,6.39272640214927,1.439476510769312,0.9,1.754657200477943,0.9174264462913259,0.9077405595489172,1.1383654169879676,1.2751321169169816,2.0988827740438576,1.365342809533967,3.0,0.20305344620046048,2001.5142811389062,2.8992618520501026,0.0009538871839629209,0.20890262925963948,0.4615601432658949,0.49054365271281497,0.2001547998321097,0.11874397784418976,0.4835988434002936,0.08105849057608222,0.7696127021810564,0.95,1988.1352918382022,0.1734308395506593,16.769865301155257,0.19597249998523697,17.518979332256315,0.7245283625570871,0.14929158033787576,1995.5665853260846,2.4152697973290103,0.00034191691905535596,9,77.05963716374863,91,45883,Simulation_1QNI6HGL
0.0025155521519273564,0.5286609645135467,0.48138171604229896,0.001607128089687711,1995.1892554876201,2.2883128551135616,0.9999,3.2369198175545866,6.047415356647183,1.488229468127929,1.038036157344238,1.8988961928071162,0.9,1.025483694781799,0.9,1.5582567334544957,2.3329419136513607,1.3979380096375702,3.0,0.20249478975522675,2001.2088993673237,3.068303210013459,0.000835333552899587,0.20066339056974086,0.4,0.5701223080333929,0.1832145813925892,0.11483997936845337,0.451898052156654,0.22927285313648244,0.5545402934364899,0.95,1987.006409712687,0.192642433423031,16.89573710737836,0.19656692073791285,17.9390366230736,0.7573187018924811,0.27347765031619253,1996.2847720695927,2.415105785815438,0.00043887467008635014,4,77.3155594273552,92,45055,Simulation_TR1OOP2C
0.0025441298216441126,0.6317768768779074,0.4160200978416001,0.001390884421445715,1996.9074728409462,2.7093666200896025,0.9527505114561458,2.9979092100230726,7.3635682992650695,1.4258798585930625,0.9,1.8979443355815655,0.9,0.9822117011877438,1.0117789843099334,1.309559935061514,2.3297322384022467,1.5038195300585737,3.0,0.21124061465247804,2001.73079181818,3.004452528311156,0.0009669217052998762,0.24251693886128933,0.4,0.5560620484313856,0.13187550338261633,0.13528902728695696,0.5169121695534812,0.14221079780606538,0.8,0.95,1987.3150832972274,0.18556404939535456,16.936820040379903,0.1671128371594387,17.257082235518013,0.768961199161201,0.26534864455806734,1995.07267403632,2.6889220366078526,0.0004938006808176744,8,77.44596113514788,93,28815,Simulation_1ZNOM58J
0.0026022609860332563,0.5717968764130402,0.48130744899010885,0.0013366600950782707,1996.8987653878944,2.4993349999630468,0.8678751279841941,2.9609751569420997,6.175261272538361,1.424715558885533,0.9,1.9443390874338946,1.2765787880884931,0.9,0.9503212387128848,1.5420805163008404,2.2001423048922057,1.5617990778989352,3.0,0.2238945813011992,2000.2261436413037,3.364852118142244,0.001,0.1720498791002751,0.43841901590041493,0.5215676050966339,0.18291165885711685,0.08452283796327612,0.5654814652060304,0.17529870734922087,0.8,0.95,1990.0,0.14574928724392078,16.486667747069358,0.1947628085035773,18.698295158002097,0.8,0.24762196091196403,1997.7816429036454,2.8234717662951625,0.00048275574988589223,5,76.89899072377823,94,20439,Simulation_94J11QGQ
0.0023497172848870023,0.5604513518809967,0.40883581103091965,0.0012868909161671562,1996.1541907516341,2.3517296294171977,0.8872219410274175,2.4781039527371407,5.285795917104248,1.365686216225295,0.9,1.9172973232060693,1.041640349058907,0.9093280659051949,0.9,1.5665889732862197,2.1811217592828562,1.4848296588829462,3.0,0.12079031168778696,2000.3777529358103,2.6623613631856133,0.0007243102421897856,0.2254881026449833,0.45951198673722066,0.5542816043676639,0.28915239692324707,0.16109529978110776,0.5465650698354763,0.2335403086175562,0.690085110631274,0.95,1986.3158363030373,0.3061895211698482,16.157809319986818,0.14909650505269956,17.404389564649733,0.7521144037233484,0.2216421558515133,1996.0934120834384,3.0649116536836525,0.0004642786604269344,3,76.99127955689836,95,10874,Simulation_6D99HV3G
0.0026500603213390913,0.668122157044136,0.46607030733256805,0.001569706433423236,1997.1334195275774,2.4793435814458533,0.8731318988687795,2.8087308525798464,7.463849203407651,1.4970124422035627,0.9472354692083803,1.889636752185119,0.9,0.9,1.0648783173546095,1.5010456767432883,2.1387691083124762,1.552567689197122,3.0,0.16870815496361874,1999.6522390207624,3.1569768310417667,0.0009166675514784432,0.21070047340445094,0.4,0.5691218660224904,0.19130342020195223,0.11960051269140291,0.5712542834962587,0.32217445193635674,0.7860071808300303,0.95,1987.1925855771617,0.2341353957876994,17.37298832751654,0.18028676004443184,18.296006567830318,0.790052691373282,0.28610832207333886,1995.5252544554185,2.833802302565944,0.00029642516260486356,6,76.33904552236824,96,28983,Simulation_NPTUAQ9V
0.0025439594757619044,0.6150054483373496,0.48664949276759856,0.0012253988100699212,1996.9491983506052,2.6019973464059127,0.8741859741802185,2.6514395500746066,8.0,1.4156084398854702,0.9,1.8342615199274692,0.9,0.9,0.9652486579485716,1.5384191311547382,2.3286234771362175,1.5702633865822557,3.0,0.24391746970493428,2001.0172690975864,3.0827870198745986,0.0009497448230538638,0.2598771761717475,0.4462636755396194,0.5029574506096652,0.18965441170394112,0.12014861514127236,0.5997514419812121,0.11176086175926675,0.8,0.95,1985.5793597987301,0.2716699653508541,16.72717734311468,0.16740820672172435,17.510435600472643,0.8,0.23650767896593547,1996.2688963636995,3.0399474977265997,0.0005253682636570323,5,76.43589558679615,97,1476,Simulation_74VNH1SY
0.002365416980665966,0.6074059549052383,0.3904767836040827,0.0012343254118903002,1995.0,2.723388376941897,0.6696582638376426,2.7892107982974848,3.6406964821027628,1.5061767119283775,0.9932963246275411,1.8800817196176096,1.0876069663121049,0.9748699931902377,0.9771079959976284,1.5529864384476495,2.450031337498735,1.5046713800301406,3.0,0.18510346649092058,2001.4831772644434,2.7678792875919678,0.0008495864097620457,0.0934800126974258,0.4346122590805133,0.4436578231400083,0.3429688177911728,0.12669837864182035,0.5204802732859423,0.3246075528696899,0.5913631266546505,0.8558095630929257,1984.8282568596921,0.27973962100077737,15.170991570020986,0.15261632199731784,16.339089703457514,0.6809169553756136,0.1354778058828771,1995.7766230291982,3.0089178215827337,0.00028235583558275406,2,76.19693880577555,98,43752,Simulation_UOYWDTZQ
0.0023492579965315548,0.5971433975327041,0.46208351372338224,0.001615383736669357,1995.6633472622095,2.243227931919413,0.9999,2.590796273565884,5.834947718388353,1.470036824498675,0.9914804248222783,1.8847092099522225,1.0551894130696216,0.9,0.9,1.4795505374734226,2.1013576382141967,1.5308007197857887,3.0,0.1642999234908279,2000.6912909760006,3.1605308732003152,0.000847637131458781,0.23252926964963982,0.4368253665398179,0.5536128937013822,0.2025307647614873,0.11286759736210861,0.3836959387896687,0.2640321925452285,0.6492950753910266,0.95,1987.250298914492,0.21449178461666063,16.785979613306484,0.17019845908005102,18.19734922098695,0.7932620450886138,0.2622379344170739,1995.7597834743005,2.7072553170721787,0.0005604994339663208,4,77.13443567714,99,4896,Simulation_TO8UQMJL
0.002199843643343481,0.5475214379249809,0.43910227004528,0.0013566637352046221,1997.3173321355787,2.353967440380194,0.841316435584411,2.220923912156658,5.031289782853726,1.2858592823009536,0.9,1.7734956461763256,1.1122706169991217,0.9295518736228506,0.9,1.445088545046218,2.137203100102356,1.3643231976178805,3.0,0.1,2001.7610667814658,2.3178635475060787,0.0006740270736734183,0.19201514261963062,0.5046712296427467,0.5313944282625918,0.2237399275107782,0.14162838464246028,0.5891444834107903,0.24239571705067234,0.5771634180092658,0.95,1985.1422064085002,0.24505034233736062,16.19738882837172,0.16778356323088756,16.73945170104657,0.7921220496766892,0.2769222974059963,1996.6222068794928,3.4885721592682173,0.0006610149404197995,3,76.9530925234645,100,17137,Simulation_VMZ4R1BH
0.0027250279759069066,0.6039288475594741,0.4637569811557409,0.001360080524592625,1995.5791126792508,2.395839378000846,0.6994036980701567,2.9611071785243896,6.0086743426046265,1.3559906505894606,0.9,2.0,0.9,1.0521256009676496,0.9758269070942863,1.4871078817191978,1.9870414472114013,1.593648963268453,3.0,0.17142862070312104,1998.672691737264,3.504700501028872,0.0008810640389002152,0.22966143678858614,0.4257715386155048,0.5718248991584438,0.1584804294976179,0.15471328100340082,0.617074502218073,0.21035215040636457,0.7939445121141859,0.8714925862343021,1987.4167571549856,0.24691184899905116,16.848567847124112,0.17553312872076135,18.43233556866657,0.8,0.26662747578899487,1996.022204631464,2.624192167489106,0.000511541699532642,7,75.26290862001146,101,5241,Simulation_D9G9PCIF
0.0025118070433539706,0.626759768674251,0.4508085892878199,0.0011739953883815768,1996.2223355144524,2.4920048037843476,0.9999,3.052079895639942,5.8657311385640245,1.5378264501489627,0.9,2.0,0.9105254093293195,0.9597307411120259,0.9695443414422728,1.5178998177947847,2.057406271194689,1.6068063323728876,3.0,0.2595635051214157,2000.4922496127845,3.147039338782136,0.0009925188508914805,0.2057805873157137,0.4176107806594855,0.5821745445084989,0.18036956788187206,0.1438595714541176,0.5442340538546397,0.1978565789364482,0.8,0.95,1987.6049127156598,0.21760344730085038,16.6521169684675,0.15083449342891378,17.729372991460473,0.7690995921479896,0.2397438476502463,1995.7918819995461,2.834765681113399,0.00066647510790133,5,77.14135946792496,102,53824,Simulation_QBM3MSVF
0.002416406374437901,0.5989431462600663,0.42396077479405153,0.001173547965034765,1995.6763086397725,2.553451175984561,0.8762815429959637,3.397848505405677,8.0,1.3351734519456884,0.9810916930687936,1.8576375255971473,0.9,1.0766535651243332,1.0923353148315258,1.231527907024215,2.3516261867756785,1.4257394851999439,3.0,0.23702095956785385,2002.1230913354564,3.5436485911442235,0.001,0.26876896774038206,0.429646962521751,0.5384053143997077,0.07719292557332777,0.15200769933207664,0.5121036378351288,0.13458091922802765,0.8,0.95,1988.4102220554912,0.14068353069320028,16.50642780551142,0.1448644500232825,17.343691634166895,0.7714779769663356,0.24998907221356997,1995.1262730818983,2.375132651956772,0.0006483935555838447,10,77.36651984013186,103,4419,Simulation_BQY1WGE2
0.002550198656627275,0.6174879288441449,0.47152301857867235,0.0013952454469029422,1996.6630349274467,2.5026086363671465,0.8605182442441244,2.8687122171940858,6.7681555671238565,1.4632727736890774,0.9,1.9051156348253042,0.9,0.9,0.9627841800569181,1.4133014560044475,2.243018847428718,1.5153893553285795,3.0,0.1866160741297357,2000.7385366616513,3.0987616802561804,0.0009262494168002246,0.21678863576150442,0.42250284321809456,0.5731698478025171,0.1710781199983758,0.1196537781442093,0.6043579745510003,0.20644282683595633,0.8,0.95,1987.816546706512,0.23248249591808592,16.78695994309292,0.17264741272580567,18.351652043009636,0.8,0.24229949209452264,1996.0039756513295,2.913457291702272,0.0005504063047240372,6,77.38527241726374,104,32955,Simulation_B1CAYYCB
0.002550198656627275,0.6174879288441449,0.47152301857867235,0.0013952454469029422,1996.6630349274467,2.5026086363671465,0.8605182442441244,2.8687122171940858,6.7681555671238565,1.4632727736890774,0.9,1.9051156348253042,0.9,0.9,0.9627841800569181,1.4133014560044475,2.243018847428718,1.5153893553285795,3.0,0.1866160741297357,2000.7385366616513,3.0987616802561804,0.0009262494168002246,0.21678863576150442,0.42250284321809456,0.5731698478025171,0.1710781199983758,0.1196537781442093,0.6043579745510003,0.20644282683595633,0.8,0.95,1987.816546706512,0.23248249591808592,16.78695994309292,0.17264741272580567,18.351652043009636,0.8,0.24229949209452264,1996.0039756513295,2.913457291702272,0.0005504063047240372,5,77.22812387603147,105,58210,Simulation_P6B782U9
0.0025446666803309054,0.638081657790844,0.46778837145783314,0.001,1995.0596711681908,2.635076206391531,0.8577447902624946,3.6420474144623523,7.29045765008185,1.4186456483849295,1.2509708512298219,1.8922456274012769,1.1650717857905302,0.9869078733948942,1.09810049661481,0.9,2.3665749801961597,1.5256600133600824,2.88334464498475,0.22790842826845148,2000.6935454589197,3.3135938256740003,0.0009294616437958854,0.36052438606595527,0.4075752279061598,0.4597906540357205,0.027906409333240532,0.09520139269565654,0.4069838857355935,0.0,0.7550400484947721,0.9265955761247098,1987.2400696776374,0.1414520449807093,16.951488249532808,0.194110940213191,17.546301313709197,0.7323041543995821,0.23027118697376844,1995.0277626977968,2.4771053449331144,0.0007786153807585124,15,76.73748250916755,106,20165,Simulation_U9W956RL
0.002550198656627275,0.6174879288441449,0.47152301857867235,0.0013952454469029422,1996.6630349274467,2.5026086363671465,0.8605182442441244,2.8687122171940858,6.7681555671238565,1.4632727736890774,0.9,1.9051156348253042,0.9,0.9,0.9627841800569181,1.4133014560044475,2.243018847428718,1.5153893553285795,3.0,0.1866160741297357,2000.7385366616513,3.0987616802561804,0.0009262494168002246,0.21678863576150442,0.42250284321809456,0.5731698478025171,0.1710781199983758,0.1196537781442093,0.6043579745510003,0.20644282683595633,0.8,0.95,1987.816546706512,0.23248249591808592,16.78695994309292,0.17264741272580567,18.351652043009636,0.8,0.24229949209452264,1996.0039756513295,2.913457291702272,0.0005504063047240372,6,77.17637424850358,107,38795,Simulation_5Q4Z1UBR
0.002345727929006443,0.5709905699385504,0.4126307745025268,0.001058294143703746,1995.7017636721605,2.6715939576150265,0.8579601454171425,3.840029340146711,7.8726918860045565,1.4423484560857558,0.9,1.911478046499034,0.9,1.0401625644441823,1.0154938415200658,1.1915673457452098,2.424105063433712,1.4890813515932015,2.8363778952129612,0.2420477537531239,2000.49694946085,3.353297020418985,0.0009910655869338337,0.2587408976467295,0.5303178845604972,0.5847151494078684,0.05949527101945923,0.14416179015747566,0.4759707656043696,0.13220034077626167,0.8,0.8883372536004694,1987.3231247816027,0.1944788268019215,15.540168799009832,0.146938709244109,18.096163499898843,0.7845398601093138,0.3302806844464834,1995.0,2.8808472451785505,0.0008133245207398288,10,76.26428026313049,108,63689,Simulation_NDPCF09V
0.0026085879184827416,0.6739120851604363,0.40069527409503375,0.0019522704321162875,1996.2938666960624,2.952628416348222,0.8899341108488307,3.198304263911935,7.709692189389372,1.6368007079854987,0.9603904321526142,1.6724948657394927,0.9,0.9219517399136642,1.0472246834088466,1.4278665857322235,2.730066348442876,1.528674412264359,3.0,0.23988989876449165,2001.5844188359456,3.122870043139678,0.000874157999361051,0.24094730991645733,0.4254596602739593,0.5199113903855687,0.08293457524284492,0.16398353109468672,0.6716301936685278,0.21412499616383573,0.7047573944260122,0.9492527760460285,1987.896274649678,0.21185091333151734,16.96000610641476,0.1948372659645723,16.917925910272483,0.7675514928289017,0.35526112573663604,1995.0,2.643602152254326,0.0001990023342637322,9,77.00870210818174,109,23169,Simulation_1X9Z0SMX
0.0024940564737767463,0.5987356755519252,0.4118344098181782,0.001298344250996153,1997.088426480513,2.6367288568678435,0.9368969887559022,2.7506263645582467,7.648402592042372,1.4269500937017299,0.9642821040353355,1.770873544483424,0.9205521702626057,1.0121001012880309,1.0192161259293626,1.3470156696461655,2.2891272239233333,1.4354837594425736,3.0,0.225044866176899,2002.2380762617947,3.0393103150618006,0.0009360063252965457,0.20465064789381285,0.4,0.6349267750848009,0.10994629684768868,0.12269401789380634,0.39181191067800336,0.17847022285510006,0.8,0.95,1986.930901907421,0.18431725349256342,17.08100772614939,0.14979738932748585,17.239842036897077,0.7745214549786588,0.2280119609605138,1995.0,2.876976728742157,0.000538505948571109,8,77.347511965076,110,17965,Simulation_YPM32ICJ
0.0025618545325655604,0.6928321624901188,0.3769208375961867,0.001302465111767104,1997.6089283848994,2.5522295472625918,0.9585766371661186,2.6860506132732365,7.1933136443141255,1.4549300918693648,0.9,1.8007212921278497,1.2479503988975162,0.9,0.9,1.2629028667373128,2.447569771536492,1.5090524637147897,3.0,0.22140048497278583,2001.480545074455,3.0577580035211107,0.0009127385117566147,0.17416573818817116,0.4,0.6186003033123505,0.0869103565282553,0.09836462315350275,0.41057923726010925,0.16369301604117625,0.8,0.95,1987.8864494490351,0.21126024008270888,16.358612636674497,0.173641076369487,16.954218291208495,0.7629709667363082,0.24953285449226476,1996.3607186511267,2.964986262116891,0.0006691273052929429,8,76.57211332676954,111,48762,Simulation_TJUJ1LNY
0.002427581481037191,0.7029532680501207,0.4695275437571237,0.0012413582704436784,1998.2717430034468,2.7193158511852826,0.80268151406929,2.880590382390451,7.084394649383892,1.4988206165687286,1.3391962740699184,2.0,1.0516501031751824,0.9,0.9,1.4618977060925147,2.0977132532509546,1.4752265826550863,3.0,0.19159882463663183,2001.2505308897532,3.2964936088322347,0.0009565927901722869,0.2946214880165501,0.4,0.5377414115978777,0.11466030699844168,0.1159922245160221,0.5673573921777176,0.18645988508816266,0.7581026572736643,0.95,1988.1817503387736,0.22840851354112876,16.90074927661206,0.14997992898374785,18.050913396761114,0.7801611422970903,0.18654490308894167,1995.6255022330442,3.1529176843082674,0.0006306329313903402,7,76.91674754525786,112,46202,Simulation_SAHXYOHP
0.00238494225456211,0.6630537081443307,0.4144891319015988,0.0014787049649721306,1998.2013366373244,2.661478344625359,0.8534341838563403,2.713083558132727,7.543836989327435,1.5429774429754424,1.0869209071339316,1.8171997143542722,1.2450143212027993,0.9916431959075779,1.06603359362006,1.3819100292776394,2.2213064392751356,1.6457888360010258,3.0,0.17604271336899624,2000.6570698537519,3.5204882656109415,0.001,0.24128522582956802,0.4079967091365263,0.5223922587635672,0.08585696571174309,0.13563996216133994,0.5979836259034159,0.07383975714928534,0.8,0.95,1987.5586974259672,0.2782363449302572,17.255576618482245,0.1552185178567015,17.523317771611843,0.7652301506949946,0.2804421772133834,1997.1561218241852,2.9086925438040048,0.0005315232021096899,9,77.34549039568093,113,20616,Simulation_IWX18L9W
0.002550198656627275,0.6174879288441449,0.47152301857867235,0.0013952454469029422,1996.6630349274467,2.5026086363671465,0.8605182442441244,2.8687122171940858,6.7681555671238565,1.4632727736890774,0.9,1.9051156348253042,0.9,0.9,0.9627841800569181,1.4133014560044475,2.243018847428718,1.5153893553285795,3.0,0.1866160741297357,2000.7385366616513,3.0987616802561804,0.0009262494168002246,0.21678863576150442,0.42250284321809456,0.5731698478025171,0.1710781199983758,0.1196537781442093,0.6043579745510003,0.20644282683595633,0.8,0.95,1987.816546706512,0.23248249591808592,16.78695994309292,0.17264741272580567,18.351652043009636,0.8,0.24229949209452264,1996.0039756513295,2.913457291702272,0.0005504063047240372,7,77.25593590744126,114,25795,Simulation_SKCL8UAE
0.0023432478126915244,0.5904967019076692,0.4570430589695877,0.0015356371396937705,1995.673978962837,2.3708441332583297,0.9999,2.8034476157783983,5.894164158343372,1.545218130892395,1.1804745370318666,1.9708538993646219,0.9,0.9,0.9,1.5477703971694585,1.9104281174961668,1.7688723683080363,2.7912094110968773,0.22760869068747921,1999.5533521953032,2.7377004573877466,0.0008927670330894923,0.1818252496221844,0.44281081539322753,0.4894829432963508,0.24099270250979438,0.11568610208740217,0.35917467522384655,0.30580242999625123,0.5951853217302158,0.7539882204866092,1989.933449157709,0.23009261855358584,16.71187012934601,0.1561200930905085,17.87831744047291,0.7506516758461816,0.2941491470685942,1996.466779763204,2.866936429223469,0.0004409116110799706,4,74.60188596393893,115,54939,Simulation_W5NYJM41
0.002545947840003515,0.6519086144060366,0.41230426736166076,0.0017123982682057113,1997.0670951024438,2.6902092762070278,0.9999,3.2372673129478504,8.0,1.2263487487104923,0.9,1.705610451859242,0.9843163216120862,1.0340081742014364,0.9539773604445164,1.410705006381844,2.998765126602773,1.5134972921781442,3.0,0.2209493021441939,2000.5195377146201,2.8411094803183783,0.0008113918053294974,0.2532608947219979,0.4,0.5571466607196326,0.13517131574206326,0.1427075730625659,0.6165797002151161,0.15049655709903317,0.6815091686868723,0.95,1986.528443729585,0.1799549606456954,17.183934575598837,0.17569196283417718,17.142911728080314,0.7602164686200799,0.2562682374659995,1995.04749693205,2.548848467007351,0.00030712401215645746,8,76.99881317802542,116,52093,Simulation_H4Q2UQ1I
0.0023492579965315548,0.5971433975327041,0.46208351372338224,0.001615383736669357,1995.6633472622095,2.243227931919413,0.9999,2.590796273565884,5.834947718388353,1.470036824498675,0.9914804248222783,1.8847092099522225,1.0551894130696216,0.9,0.9,1.4795505374734226,2.1013576382141967,1.5308007197857887,3.0,0.1642999234908279,2000.6912909760006,3.1605308732003152,0.000847637131458781,0.23252926964963982,0.4368253665398179,0.5536128937013822,0.2025307647614873,0.11286759736210861,0.3836959387896687,0.2640321925452285,0.6492950753910266,0.95,1987.250298914492,0.21449178461666063,16.785979613306484,0.17019845908005102,18.19734922098695,0.7932620450886138,0.2622379344170739,1995.7597834743005,2.7072553170721787,0.0005604994339663208,4,76.81043417393396,117,36704,Simulation_6WCNPXA4
0.00234650180326339,0.6704547090799933,0.4892113076916864,0.001,1996.407490455701,2.2660526257961813,0.934642642570181,2.698969472687104,6.191099473475148,1.3781426633665166,0.9,1.9449409027500852,0.9118168080866305,0.9,1.04254570789994,1.5255818545983435,2.19532907238282,1.2824028424754965,2.9745879976517107,0.17600249606807278,1999.049633908216,2.4941202624012346,0.0009205572853375679,0.1856727458711485,0.42673725282472597,0.5509348311377975,0.22000352621780103,0.0822299918570832,0.4585549018783822,0.30118146214084124,0.6375293111738672,0.9308566647911654,1988.6153242019611,0.18575507162638333,17.147939495705508,0.158983805314271,17.805207329256763,0.8,0.19367035329568408,1995.8347982505356,2.768429164449123,0.0010602298006985537,4,75.13272599034482,118,59115,Simulation_EWVL94LL
0.0025441298216441126,0.6317768768779074,0.4160200978416001,0.001390884421445715,1996.9074728409462,2.7093666200896025,0.9527505114561458,2.9979092100230726,7.3635682992650695,1.4258798585930625,0.9,1.8979443355815655,0.9,0.9822117011877438,1.0117789843099334,1.309559935061514,2.3297322384022467,1.5038195300585737,3.0,0.21124061465247804,2001.73079181818,3.004452528311156,0.0009669217052998762,0.24251693886128933,0.4,0.5560620484313856,0.13187550338261633,0.13528902728695696,0.5169121695534812,0.14221079780606538,0.8,0.95,1987.3150832972274,0.18556404939535456,16.936820040379903,0.1671128371594387,17.257082235518013,0.768961199161201,0.26534864455806734,1995.07267403632,2.6889220366078526,0.0004938006808176744,8,77.44673384413021,119,29501,Simulation_PA9DD2AM
0.002298529816950893,0.5641706789132668,0.5,0.001,1995.2318874052767,2.5713049456402617,0.8592858562634759,2.8610074558073473,7.31888182194169,1.2996801370411766,0.9,2.0,1.0057884058363158,0.9557901806171433,1.1681547897871742,1.0006562275437767,2.724810817716025,1.2476723005720023,2.8984201266012235,0.2277874274152414,2002.5352185855547,3.301531774172067,0.0009917884086857198,0.21346935009453089,0.42792388751069693,0.487261464536423,0.0038715039706776473,0.12444643904882038,0.5249534361827426,0.03839088312334633,0.7221162256462503,0.9278425603610649,1990.0,0.10792649410719007,16.17413578434226,0.19114566854890472,18.147122460144526,0.7254763200907169,0.2154888572414614,1995.2462699032178,2.247795174113824,0.0008382949630454703,15,76.29018960139854,120,9406,Simulation_6QU9593O
0.002550198656627275,0.6174879288441449,0.47152301857867235,0.0013952454469029422,1996.6630349274467,2.5026086363671465,0.8605182442441244,2.8687122171940858,6.7681555671238565,1.4632727736890774,0.9,1.9051156348253042,0.9,0.9,0.9627841800569181,1.4133014560044475,2.243018847428718,1.5153893553285795,3.0,0.1866160741297357,2000.7385366616513,3.0987616802561804,0.0009262494168002246,0.21678863576150442,0.42250284321809456,0.5731698478025171,0.1710781199983758,0.1196537781442093,0.6043579745510003,0.20644282683595633,0.8,0.95,1987.816546706512,0.23248249591808592,16.78695994309292,0.17264741272580567,18.351652043009636,0.8,0.24229949209452264,1996.0039756513295,2.913457291702272,0.0005504063047240372,6,77.40499516244174,121,23971,Simulation_BHD4IQE3
0.0025075022274189543,0.6929687031327845,0.4824946574051146,0.0014076520102058881,1997.1625578909293,2.317382980046377,0.8549708659859155,2.9469162881449997,7.307035047471471,1.3563241301899667,0.9996708142684182,1.895442074333977,1.3585890740221032,0.9482802145040546,1.0693007052770003,1.3770858258720657,2.3205779850413317,1.4740507103513598,3.0,0.1722759178840799,2000.2883919172743,3.098966810939626,0.0009876409614998855,0.2212578765354503,0.4174599190276507,0.52017634150152,0.162683120322704,0.11947455816853789,0.6091890218275076,0.2213092635877414,0.7687848399878503,0.8760594719001845,1989.0176996432358,0.25835024509122434,16.941914988723717,0.13283196917949136,18.53056911139779,0.8,0.3002087068506274,1996.7819304261393,2.780863989893705,0.0004380999911317617,7,76.60835385628813,122,34842,Simulation_4DRR79B8
0.0023492579965315548,0.5971433975327041,0.46208351372338224,0.001615383736669357,1995.6633472622095,2.243227931919413,0.9999,2.590796273565884,5.834947718388353,1.470036824498675,0.9914804248222783,1.8847092099522225,1.0551894130696216,0.9,0.9,1.4795505374734226,2.1013576382141967,1.5308007197857887,3.0,0.1642999234908279,2000.6912909760006,3.1605308732003152,0.000847637131458781,0.23252926964963982,0.4368253665398179,0.5536128937013822,0.2025307647614873,0.11286759736210861,0.3836959387896687,0.2640321925452285,0.6492950753910266,0.95,1987.250298914492,0.21449178461666063,16.785979613306484,0.17019845908005102,18.19734922098695,0.7932620450886138,0.2622379344170739,1995.7597834743005,2.7072553170721787,0.0005604994339663208,4,77.16498790108233,123,49629,Simulation_ZVYAZTET
0.002416406374437901,0.5989431462600663,0.42396077479405153,0.001173547965034765,1995.6763086397725,2.553451175984561,0.8762815429959637,3.397848505405677,8.0,1.3351734519456884,0.9810916930687936,1.8576375255971473,0.9,1.0766535651243332,1.0923353148315258,1.231527907024215,2.3516261867756785,1.4257394851999439,3.0,0.23702095956785385,2002.1230913354564,3.5436485911442235,0.001,0.26876896774038206,0.429646962521751,0.5384053143997077,0.07719292557332777,0.15200769933207664,0.5121036378351288,0.13458091922802765,0.8,0.95,1988.4102220554912,0.14068353069320028,16.50642780551142,0.1448644500232825,17.343691634166895,0.7714779769663356,0.24998907221356997,1995.1262730818983,2.375132651956772,0.0006483935555838447,10,77.36651984013186,124,25961,Simulation_I8HZEA5D
0.0022997388696401953,0.5909185719241854,0.44710379513889753,0.001835458681437167,1995.0797801028887,2.318717678812548,0.9939666262772403,3.487664296085422,7.093041941277798,1.2577209518106862,0.9,1.9628276649205345,1.2709509776400931,0.9439033180729759,0.989047710937289,1.284752763895024,2.5804292716524615,1.186184196639437,2.8202557129650234,0.26237524528375417,2000.4397756894948,3.0877409731499914,0.001,0.3240951347154264,0.4389876099304886,0.51712954823181,0.0,0.08236949371743035,0.4047855583427822,0.11078948407694542,0.7654105320867396,0.95,1985.9769415479811,0.1,16.759876682028864,0.1798177810560321,18.854931861953244,0.6893965530781732,0.28567393103905575,1995.0206968737882,2.886161760349771,0.0007246407301685682,13,77.00227118939215,125,62764,Simulation_JFKBTVQP
0.0025528130992701764,0.615229364741561,0.4927408550471483,0.0017040314767985888,1996.6612622053497,2.5706857093037425,0.8857073277133842,2.689437581049926,7.142865942584816,1.2058442021046911,1.150441641181271,1.9818602549322024,0.9443628273702394,0.9,0.9129256384012607,1.4533942755165659,2.1644205345858003,1.6493946659200671,3.0,0.20523835926179407,2001.303324501582,2.7779261481111437,0.001,0.2551359001985242,0.4,0.614201667998684,0.19781497806951545,0.12644751512824173,0.5289789655194983,0.20091014871218138,0.7770722128787222,0.95,1988.5216170346484,0.2980297359665527,16.551178048803866,0.2138862867231236,17.52035968023545,0.8,0.21148066558029288,1995.0,2.453398639833627,0.00048706568687730835,6,77.26519743559062,126,14878,Simulation_3NWSWNMJ
0.002468772319291973,0.5421543736782447,0.4357923317808213,0.0013833358565694732,1996.7664735660937,2.7424987768808875,0.879909596222908,3.282473853242935,8.0,1.3710759133963244,1.111409182274107,1.7322027685817312,0.9258939547564449,0.9450318561708901,1.234560017711354,1.3453155948985558,2.3007830701333543,1.3741404866079165,2.671048535264819,0.23102140384204425,2001.8227163290385,3.533903683229362,0.0009129411036117032,0.25713961860949325,0.46166936832739913,0.5386828663371133,0.02314623844184241,0.16980747203934515,0.46867753011241153,0.07105950966420391,0.7984983109862707,0.8605799298315875,1987.4504299813862,0.15490442063560128,16.473408945304588,0.13705768297580811,16.86377845343605,0.7754593799466585,0.2181674772693224,1995.0,2.037106652315921,0.0006164489179639178,10,75.88040853148918,127,43934,Simulation_D5VT4J55
0.002407033876573598,0.6190862355961715,0.45438078197206694,0.0013565827685570236,1996.573708825461,2.679343482454463,0.692378990793963,2.784536097844863,6.190274035426263,1.4859978703024768,1.007867290908299,1.790436728706088,0.9,0.9,0.9526385549097606,1.4381387484009844,2.207708397122919,1.4619770430286652,3.0,0.23916837015469186,2000.757391106206,2.9763630924408035,0.001,0.2558031457440501,0.4,0.6231789927888937,0.17305636208206782,0.088525702752992,0.6074699418970206,0.1898995435091628,0.8,0.95,1987.5910491927095,0.20875664059080123,16.702619024568417,0.1516026072434229,17.91164555153069,0.8,0.22378845833528685,1997.0068003184833,2.6636626680143225,0.0007528551800880545,7,76.70181204462169,128,20995,Simulation_7I7L2Z0G
0.0023736458324551623,0.6152125669836136,0.46574146613610945,0.001558801173858842,1995.0,2.3778873948736146,0.8399145898277753,2.6665944641449832,6.209523977064463,1.4175873318883552,0.9,1.9489156155771852,0.9,0.9,0.9134162570983551,1.5307258822047387,1.7086124481962517,1.4934284134661024,3.0,0.14092065154167177,2000.728691108122,2.9623165685504103,0.000888121427251218,0.2497554289406005,0.41848808123951253,0.49881960937302416,0.1935845302576158,0.10806462070208749,0.4361617122654407,0.20628011095098636,0.5791715661623376,0.8388816497204391,1988.1256724657835,0.2093473811305503,16.218820958273984,0.155429949472358,17.705782391659962,0.7960287223631387,0.132721175901343,1995.0,2.2251153880762473,0.0005032672371144814,4,76.74703754212524,129,56496,Simulation_X9QVD45L
0.0024873300362084653,0.6410201123485045,0.41408138681739387,0.0015455385418503783,1997.8834490397817,2.8481667046090773,0.9999,2.755371327468127,7.330805075388533,1.249762740575989,0.9,1.8817786860145114,0.9,0.9,0.9923247873499395,1.4589490720531344,1.8560473257823804,1.4316558019466543,2.858717096263344,0.18294754671264427,2001.2624635015811,3.376198190187312,0.0008540982823910742,0.22926979053475327,0.42670448006252165,0.5647821375907979,0.1978789983307565,0.11485108934038286,0.5693089266351707,0.2135955113374215,0.8,0.95,1985.8664256208629,0.19120146465134824,17.215919735348663,0.1713529985241132,17.222837463988906,0.759704796584157,0.2554084177424765,1996.3555277904047,2.666300186544349,0.0004701199107673721,9,77.03321464913495,130,63688,Simulation_EXLKH556
0.0023492579965315548,0.5971433975327041,0.46208351372338224,0.001615383736669357,1995.6633472622095,2.243227931919413,0.9999,2.590796273565884,5.834947718388353,1.470036824498675,0.9914804248222783,1.8847092099522225,1.0551894130696216,0.9,0.9,1.4795505374734226,2.1013576382141967,1.5308007197857887,3.0,0.1642999234908279,2000.6912909760006,3.1605308732003152,0.000847637131458781,0.23252926964963982,0.4368253665398179,0.5536128937013822,0.2025307647614873,0.11286759736210861,0.3836959387896687,0.2640321925452285,0.6492950753910266,0.95,1987.250298914492,0.21449178461666063,16.785979613306484,0.17019845908005102,18.19734922098695,0.7932620450886138,0.2622379344170739,1995.7597834743005,2.7072553170721787,0.0005604994339663208,4,77.03542565868042,131,3012,Simulation_NGZIWGEC
0.0024859344121243953,0.6430738928275276,0.41055405018274815,0.0011040247094602194,1996.9240745729983,2.419137035217862,0.7427186762399328,2.7843769749416536,6.878531966230059,1.6907761419884644,0.9,1.87146685991799,0.9,0.9,0.9,1.3421420690415196,2.5188078441318695,1.559304459785466,3.0,0.19451403663564726,2000.144283212599,3.9100547239683716,0.0008933599513160467,0.20752765550312946,0.40550602281389136,0.5355923560451046,0.045573607981023834,0.14930418811618776,0.6220806768274565,0.18438539684966757,0.8,0.95,1987.9275947038655,0.23815511017823765,16.41492594194065,0.18973103381029327,17.584910215533693,0.7976185644314918,0.22417783499558608,1995.9488272669344,2.8555227096880436,0.0004700121801734303,6,75.78985464947375,132,32079,Simulation_41W8NZTL
0.002528242173125178,0.6222383135768502,0.4443830214774427,0.0018196387082399256,1995.169439714989,2.4427435974038927,0.924081578467996,2.964295148917873,7.044356606929612,1.3746169227564708,0.9,1.8749783569228073,1.0623549854158347,0.9692407485174296,0.9,1.2817555091828612,2.3454155722853103,1.6153979215098875,3.0,0.24266217256369166,2000.3113406094149,3.1576355834856145,0.0009165331480719157,0.16630894466614507,0.4,0.5707011569761155,0.14836488012093746,0.14960606659895898,0.6016171228485827,0.20060980628527778,0.8,0.9374553807610124,1987.5890725693343,0.2338988395563002,17.443013218510696,0.18210521611762123,18.335107285454516,0.7787516253618394,0.23077163589994631,1995.0,3.1913376375243314,0.0004084113851612585,5,77.05153985321174,133,41281,Simulation_ZZSETWHF
0.002550198656627275,0.6174879288441449,0.47152301857867235,0.0013952454469029422,1996.6630349274467,2.5026086363671465,0.8605182442441244,2.8687122171940858,6.7681555671238565,1.4632727736890774,0.9,1.9051156348253042,0.9,0.9,0.9627841800569181,1.4133014560044475,2.243018847428718,1.5153893553285795,3.0,0.1866160741297357,2000.7385366616513,3.0987616802561804,0.0009262494168002246,0.21678863576150442,0.42250284321809456,0.5731698478025171,0.1710781199983758,0.1196537781442093,0.6043579745510003,0.20644282683595633,0.8,0.95,1987.816546706512,0.23248249591808592,16.78695994309292,0.17264741272580567,18.351652043009636,0.8,0.24229949209452264,1996.0039756513295,2.913457291702272,0.0005504063047240372,6,77.1887431792807,134,50084,Simulation_T5OJLMIQ
0.002550198656627275,0.6174879288441449,0.47152301857867235,0.0013952454469029422,1996.6630349274467,2.5026086363671465,0.8605182442441244,2.8687122171940858,6.7681555671238565,1.4632727736890774,0.9,1.9051156348253042,0.9,0.9,0.9627841800569181,1.4133014560044475,2.243018847428718,1.5153893553285795,3.0,0.1866160741297357,2000.7385366616513,3.0987616802561804,0.0009262494168002246,0.21678863576150442,0.42250284321809456,0.5731698478025171,0.1710781199983758,0.1196537781442093,0.6043579745510003,0.20644282683595633,0.8,0.95,1987.816546706512,0.23248249591808592,16.78695994309292,0.17264741272580567,18.351652043009636,0.8,0.24229949209452264,1996.0039756513295,2.913457291702272,0.0005504063047240372,7,77.29742796616056,135,37353,Simulation_XJ6JAP91
0.0024545073313977997,0.5950587731106309,0.4682063140120477,0.0015732474290907205,1995.5693910607454,2.380749059090899,0.9644258398321981,2.8142952611979317,6.790368989287851,1.540705550922778,1.0137815203585072,1.9789350537917456,1.531680077675794,0.9,0.9982978189305597,1.48842094630121,1.996031046327643,1.5666006906772354,3.0,0.134891555863212,1998.4612338944619,3.0768606427834,0.0008033436760061634,0.12577446384844604,0.4,0.5561507588702341,0.1350500183152994,0.1056633477256138,0.46241850456520167,0.2950608424611111,0.683172377303013,0.9352409110981366,1986.9270148500204,0.22887011817383332,16.414235246995748,0.15362326732839326,18.386186157428984,0.8,0.23020218486394525,1996.8438047117636,2.445471850197875,0.0004998982060299778,4,76.60823525488277,136,51952,Simulation_FSMSKFGN
0.002528242173125178,0.6222383135768502,0.4443830214774427,0.0018196387082399256,1995.169439714989,2.4427435974038927,0.924081578467996,2.964295148917873,7.044356606929612,1.3746169227564708,0.9,1.8749783569228073,1.0623549854158347,0.9692407485174296,0.9,1.2817555091828612,2.3454155722853103,1.6153979215098875,3.0,0.24266217256369166,2000.3113406094149,3.1576355834856145,0.0009165331480719157,0.16630894466614507,0.4,0.5707011569761155,0.14836488012093746,0.14960606659895898,0.6016171228485827,0.20060980628527778,0.8,0.9374553807610124,1987.5890725693343,0.2338988395563002,17.443013218510696,0.18210521611762123,18.335107285454516,0.7787516253618394,0.23077163589994631,1995.0,3.1913376375243314,0.0004084113851612585,5,77.05153985321174,137,32796,Simulation_5P6UDH3B
0.00245715437078465,0.5920977685490156,0.3921196373081325,0.0011907948551708567,1997.019217814321,2.304559886313979,0.8707858647427242,2.067135012947149,5.417126864604462,1.291943913570617,0.9,1.8141052030689775,1.212856153480631,0.9196036045314795,0.9589739441566402,1.6168320180106284,2.2081126843837717,1.4710389134837123,3.0,0.1,1998.9913786491707,2.360049440795354,0.0006165295933816962,0.23949202113903337,0.5502187842959427,0.5826749616961492,0.2706166756728665,0.17418741642883495,0.45246189452328234,0.22331501598804582,0.7160349204440565,0.95,1986.6358269105922,0.30281569484869225,15.847191345592824,0.19228170209976592,17.215989849110272,0.7870353603552722,0.24743560093161535,1996.594419740765,2.7978956278372538,0.0004727469480901951,3,76.34178409969256,138,42942,Simulation_8LHEH7GA
0.0023492579965315548,0.5971433975327041,0.46208351372338224,0.001615383736669357,1995.6633472622095,2.243227931919413,0.9999,2.590796273565884,5.834947718388353,1.470036824498675,0.9914804248222783,1.8847092099522225,1.0551894130696216,0.9,0.9,1.4795505374734226,2.1013576382141967,1.5308007197857887,3.0,0.1642999234908279,2000.6912909760006,3.1605308732003152,0.000847637131458781,0.23252926964963982,0.4368253665398179,0.5536128937013822,0.2025307647614873,0.11286759736210861,0.3836959387896687,0.2640321925452285,0.6492950753910266,0.95,1987.250298914492,0.21449178461666063,16.785979613306484,0.17019845908005102,18.19734922098695,0.7932620450886138,0.2622379344170739,1995.7597834743005,2.7072553170721787,0.0005604994339663208,3,77.07300164047462,139,10689,Simulation_TS4HJOU2
0.002375128458008048,0.5344470562715107,0.4820666232316347,0.0016119110997229859,1996.4143295883348,2.103301816649324,0.9139671862809065,2.404753614120874,5.812142017297941,1.4257750859133658,0.9842820998707021,1.912866857014669,1.0642377953772493,0.9822637835923693,0.9566310941140426,1.481768475113762,2.13248431355298,1.4585901399068433,2.902335880853075,0.1370316745736858,2000.0455496374666,3.4514579802888132,0.0008599422902960587,0.29239389558911416,0.4,0.529899293607214,0.2638897150957956,0.13126049613558427,0.3966468683477331,0.2789586509956856,0.6437499085265411,0.8842087112301795,1988.306890226411,0.20429477935312138,16.38750552164686,0.1644385961331328,18.256011936609923,0.779939742427193,0.2384284682872434,1996.277679799607,2.5155624654542024,0.00045317304164790124,4,76.59821365983343,140,48076,Simulation_9Y08IX1V
0.002358610291911994,0.681653435803302,0.4472411130407059,0.0015201315886979956,1995.0,2.034403093558745,0.9999,2.716767973836976,6.675895227288059,1.3379581920206847,1.1458424353928218,1.9642579517754772,0.9012448540134845,0.9,0.9,1.4444313787586902,2.263098357561876,1.445328609418548,3.0,0.13802197848785747,2000.3444360256315,2.517766060362368,0.0008713308408354101,0.35230468430605516,0.4,0.5596736032257211,0.1242019838333898,0.1405795908204327,0.3235123519795077,0.3051546821891249,0.6297721293003244,0.95,1988.6945681794136,0.17513001496235403,16.925970045284274,0.1475942688850117,17.750183336390077,0.8,0.30257752529324805,1996.4481946408366,2.028711710773402,0.0005464759684540465,4,77.25757612071665,141,29152,Simulation_2PKWPF6P
0.002334607280274434,0.5702383430761699,0.3960342241759771,0.001005013160758419,1995.9049705786676,2.33283157738791,0.9497429228395039,2.6591388199847814,6.054554994145028,1.3711903091829456,1.0263018208647012,1.892763793308155,1.1869211150247834,0.9215642224915719,0.9,1.6685330995734755,2.1002315660244415,1.377534491230712,2.666144467912507,0.1,2000.1961944279378,3.157250936918984,0.0007681189297043251,0.1769796486227213,0.42649535970050795,0.5575254760848611,0.2601214279678379,0.15477767819238694,0.5913992611600355,0.18636136099463158,0.5266548119963292,0.8516080206128733,1985.7528809357668,0.35155734744158895,16.450169910816058,0.1455946057906105,18.362368761057702,0.7218374570526803,0.2581812915898902,1995.3635958694283,3.0312171982109266,0.00046039533638014384,3,76.06370948633908,142,60634,Simulation_IJU3EWSQ
0.0025441298216441126,0.6317768768779074,0.4160200978416001,0.001390884421445715,1996.9074728409462,2.7093666200896025,0.9527505114561458,2.9979092100230726,7.3635682992650695,1.4258798585930625,0.9,1.8979443355815655,0.9,0.9822117011877438,1.0117789843099334,1.309559935061514,2.3297322384022467,1.5038195300585737,3.0,0.21124061465247804,2001.73079181818,3.004452528311156,0.0009669217052998762,0.24251693886128933,0.4,0.5560620484313856,0.13187550338261633,0.13528902728695696,0.5169121695534812,0.14221079780606538,0.8,0.95,1987.3150832972274,0.18556404939535456,16.936820040379903,0.1671128371594387,17.257082235518013,0.768961199161201,0.26534864455806734,1995.07267403632,2.6889220366078526,0.0004938006808176744,9,77.24151914864531,143,53631,Simulation_WXWTT568
0.002246833580907877,0.5553907725756818,0.39219824536178244,0.0016197402660624639,1995.7122100806967,2.3038025794679173,0.8576599854400013,2.0827074647823633,6.103528169786502,1.252774611854964,1.081806991285052,1.9396320634858784,1.1420232716402967,0.9402086373601267,0.9293751544306419,1.5621478918210157,1.9154719900407953,1.3867524585927704,2.933820100159956,0.1565096610192316,1999.5820676254518,2.353451822598087,0.0006546226308681025,0.21264242091173835,0.43885946852447716,0.565176950447842,0.2890093184554902,0.16501986409187985,0.6652390583956715,0.1878617791735971,0.6537581895564754,0.9405662483475737,1984.334615479108,0.24922021873860378,16.44066080412417,0.1592708065290339,17.485489611980125,0.7563276136879068,0.322269550526747,1997.197676957235,2.539230014596665,0.000432258819556013,3,76.9437910509989,144,20132,Simulation_TK4L7374
0.002643571745634763,0.6663577891593325,0.43626346982935416,0.0013836921868385509,1997.2137420074644,2.4432854628810468,0.79716467575333,2.999825173618245,6.973204421907902,1.5811110592444038,1.0547625840038224,1.8682693002527173,0.9554554243429112,0.9,1.0676375929008215,1.5942679165519376,2.1093784715126107,1.4445457285480283,3.0,0.22341764062384561,2000.4115490506113,3.1585814443945037,0.0009299438161714659,0.15672809483594888,0.4,0.5416956714662632,0.17320646737603665,0.10570014777046276,0.5781138755332006,0.17477976192877054,0.8,0.95,1987.3732853964168,0.22406824620545307,16.732828763354632,0.12215594960427645,18.00125856315603,0.7626311426070645,0.2637249150217288,1996.9956943843094,3.2114354254665534,0.00024164592563792852,7,73.37972163957501,145,55418,Simulation_ZUH34PBD
0.0026862143728223335,0.6716603279521574,0.46852481605878,0.0015926686983032468,1996.9560291211465,2.4281248080950077,0.9692508300370992,2.8562103826256138,8.0,1.5185430912012607,0.9,1.8913050196040029,0.9,0.9950137453586717,0.9350752273680923,1.4358684570986866,2.4545326314935223,1.560091776169605,3.0,0.1885307843289781,2002.0371096066463,3.241512348765975,0.001,0.1896427134981182,0.4185657879048726,0.5853026597130094,0.07441711822628286,0.15065003019110135,0.5722055061192634,0.13087981877448557,0.7926091605389555,0.9111695191450473,1985.6380667067472,0.22368963991160723,17.536116405791777,0.14690313931933513,17.360181979487,0.7732137591962137,0.3093941691003878,1995.0,2.7663134739049364,0.000505533180509609,9,76.90205923260172,146,19543,Simulation_MI52YKPL
0.002416406374437901,0.5989431462600663,0.42396077479405153,0.001173547965034765,1995.6763086397725,2.553451175984561,0.8762815429959637,3.397848505405677,8.0,1.3351734519456884,0.9810916930687936,1.8576375255971473,0.9,1.0766535651243332,1.0923353148315258,1.231527907024215,2.3516261867756785,1.4257394851999439,3.0,0.23702095956785385,2002.1230913354564,3.5436485911442235,0.001,0.26876896774038206,0.429646962521751,0.5384053143997077,0.07719292557332777,0.15200769933207664,0.5121036378351288,0.13458091922802765,0.8,0.95,1988.4102220554912,0.14068353069320028,16.50642780551142,0.1448644500232825,17.343691634166895,0.7714779769663356,0.24998907221356997,1995.1262730818983,2.375132651956772,0.0006483935555838447,10,77.3358148470895,147,50061,Simulation_9JP9SX45
0.0025441298216441126,0.6317768768779074,0.4160200978416001,0.001390884421445715,1996.9074728409462,2.7093666200896025,0.9527505114561458,2.9979092100230726,7.3635682992650695,1.4258798585930625,0.9,1.8979443355815655,0.9,0.9822117011877438,1.0117789843099334,1.309559935061514,2.3297322384022467,1.5038195300585737,3.0,0.21124061465247804,2001.73079181818,3.004452528311156,0.0009669217052998762,0.24251693886128933,0.4,0.5560620484313856,0.13187550338261633,0.13528902728695696,0.5169121695534812,0.14221079780606538,0.8,0.95,1987.3150832972274,0.18556404939535456,16.936820040379903,0.1671128371594387,17.257082235518013,0.768961199161201,0.26534864455806734,1995.07267403632,2.6889220366078526,0.0004938006808176744,9,77.41338934569342,148,58416,Simulation_LM746UV3
0.002575484737897706,0.655856411483192,0.39173247951421253,0.0013833495967871862,1996.7603283191,2.5734867815925577,0.833473973889536,2.826878574936224,7.090735023099848,1.390401023248042,0.9813817620724934,1.8466208704631755,0.9709652544835418,1.0046067339878957,0.9565629502185523,1.2892333001468044,2.1927227572751593,1.5347813339335457,3.0,0.18863330039248863,2001.3238124463232,3.628793003402842,0.0009708143602912229,0.24761990612747115,0.4,0.5332619014216672,0.14894741940967926,0.1504512637998185,0.4675493233501148,0.2256783391947038,0.8,0.95,1989.5842062407999,0.14138871040134088,16.761190927838424,0.10412462040080947,17.138612288089647,0.7970339756108019,0.28999670117506227,1995.0,2.93723148000155,0.0005316898578601834,9,77.25156081610459,149,10196,Simulation_Y1ODMWEL
0.002416406374437901,0.5989431462600663,0.42396077479405153,0.001173547965034765,1995.6763086397725,2.553451175984561,0.8762815429959637,3.397848505405677,8.0,1.3351734519456884,0.9810916930687936,1.8576375255971473,0.9,1.0766535651243332,1.0923353148315258,1.231527907024215,2.3516261867756785,1.4257394851999439,3.0,0.23702095956785385,2002.1230913354564,3.5436485911442235,0.001,0.26876896774038206,0.429646962521751,0.5384053143997077,0.07719292557332777,0.15200769933207664,0.5121036378351288,0.13458091922802765,0.8,0.95,1988.4102220554912,0.14068353069320028,16.50642780551142,0.1448644500232825,17.343691634166895,0.7714779769663356,0.24998907221356997,1995.1262730818983,2.375132651956772,0.0006483935555838447,10,77.41400104945262,150,1267,Simulation_KSLNHR3O
0.0024873300362084653,0.6410201123485045,0.41408138681739387,0.0015455385418503783,1997.8834490397817,2.8481667046090773,0.9999,2.755371327468127,7.330805075388533,1.249762740575989,0.9,1.8817786860145114,0.9,0.9,0.9923247873499395,1.4589490720531344,1.8560473257823804,1.4316558019466543,2.858717096263344,0.18294754671264427,2001.2624635015811,3.376198190187312,0.0008540982823910742,0.22926979053475327,0.42670448006252165,0.5647821375907979,0.1978789983307565,0.11485108934038286,0.5693089266351707,0.2135955113374215,0.8,0.95,1985.8664256208629,0.19120146465134824,17.215919735348663,0.1713529985241132,17.222837463988906,0.759704796584157,0.2554084177424765,1996.3555277904047,2.666300186544349,0.0004701199107673721,9,77.03321464913495,151,16555,Simulation_32Y9YOAE
0.0027092640793126856,0.6253508669236226,0.37638930243772767,0.0011084608501873913,1996.9736165136112,2.7886555482291713,0.9999,3.0596753163920742,6.722886141229798,1.3553976977364977,1.080550070162489,1.798105222624197,0.9,1.0206425200027405,1.063730463108874,1.2765367598488633,2.2281070214019127,1.4254094036028953,3.0,0.2688725905245916,2002.6633321530114,3.1414008880743713,0.0009744022245812579,0.21589675911538223,0.4007717082321648,0.611341714875017,0.1403548974558724,0.1304588881628422,0.49426969803251597,0.24239184504734734,0.8,0.95,1986.6469605303907,0.178491458551394,17.065970689416677,0.15372939429936344,17.105047190601486,0.8,0.2926598765980696,1995.0,2.6046981649699323,0.0006336678715513385,8,77.30366390983681,152,37683,Simulation_3412871Q
0.002575484737897706,0.655856411483192,0.39173247951421253,0.0013833495967871862,1996.7603283191,2.5734867815925577,0.833473973889536,2.826878574936224,7.090735023099848,1.390401023248042,0.9813817620724934,1.8466208704631755,0.9709652544835418,1.0046067339878957,0.9565629502185523,1.2892333001468044,2.1927227572751593,1.5347813339335457,3.0,0.18863330039248863,2001.3238124463232,3.628793003402842,0.0009708143602912229,0.24761990612747115,0.4,0.5332619014216672,0.14894741940967926,0.1504512637998185,0.4675493233501148,0.2256783391947038,0.8,0.95,1989.5842062407999,0.14138871040134088,16.761190927838424,0.10412462040080947,17.138612288089647,0.7970339756108019,0.28999670117506227,1995.0,2.93723148000155,0.0005316898578601834,9,77.25156081610459,153,25252,Simulation_QS8ATN9X
0.002398370553279351,0.6484521021276688,0.4250520945176594,0.0010719692273891788,1995.4288732262446,2.5765870869630807,0.8795562661986638,3.1029165078692396,7.637855809387241,1.2931199148652397,1.144650268537382,1.87183237789207,0.9,1.207884221380699,1.1305454409614153,1.2398099318783709,2.6510672505291453,1.429518524545653,3.0,0.2066599592020906,2002.6602569035808,2.945734740914893,0.0008686370561255275,0.3374146402927797,0.4118641610009588,0.6112739880840713,0.1066414955742252,0.17775273837484432,0.5813089947691719,0.13337097828220967,0.8,0.9385474093446691,1989.2049174285419,0.1,16.501769041104332,0.17542904988882502,18.2530423979099,0.7517316045424494,0.15020846604413557,1996.1867222322328,2.4805673586551746,0.0005470885800626772,10,77.25595015767311,154,18188,Simulation_CAAQWF9I
0.002509428368121854,0.4903779489194733,0.42872379579328285,0.0012140162484212645,1995.0,2.318275736260325,0.8434369060309496,3.529571230954031,7.973670350034076,1.278464905824452,0.9415401595085892,1.8386361376064686,0.9,1.2689811731723681,1.2008297214693233,1.0952492256484752,2.3428462683474574,1.4018412546546388,3.0,0.2182001889961913,2003.7453767909342,3.18208562980309,0.001,0.3308025361672922,0.5185260214783263,0.46549596895751005,0.10257279049000229,0.1734837942645579,0.5561362947776002,0.13223343442649824,0.8,0.95,1987.1857937285047,0.13186197589762194,16.50884624845737,0.17124674952584076,16.77779067724045,0.7860973216400863,0.2992939492469826,1995.5383882551546,2.2773366378545483,0.0005042409611276495,10,77.33903464234794,155,46207,Simulation_OZFWASJ6
0.0023641969821404504,0.5607579556389809,0.48274072244072447,0.0017398882041146408,1995.7285207711263,2.506116249525745,0.8790274866448814,2.534987504536019,6.1782645249022,1.459720011058906,0.9,1.8462580552205141,0.9621414071822656,1.0164825942150055,0.9197125453512496,1.3178692898798454,2.014553747425924,1.6973542722346933,2.9375972717699383,0.19738652636854814,2000.5251563400502,3.0518746514404382,0.0008952051215318734,0.19302622047687423,0.48515760211622666,0.5321647854306993,0.13097848700603462,0.09563983947744616,0.7182339139197254,0.1284472121058446,0.8,0.95,1988.1261443844148,0.25286495304164114,16.90761971461203,0.15859968664273824,17.424982338213535,0.7848983881153794,0.3191215039156007,1996.4187557351652,2.678588475431421,0.0006316142135964054,7,77.0705527255063,156,55990,Simulation_TIX9TLCL
0.0023497172848870023,0.5604513518809967,0.40883581103091965,0.0012868909161671562,1996.1541907516341,2.3517296294171977,0.8872219410274175,2.4781039527371407,5.285795917104248,1.365686216225295,0.9,1.9172973232060693,1.041640349058907,0.9093280659051949,0.9,1.5665889732862197,2.1811217592828562,1.4848296588829462,3.0,0.12079031168778696,2000.3777529358103,2.6623613631856133,0.0007243102421897856,0.2254881026449833,0.45951198673722066,0.5542816043676639,0.28915239692324707,0.16109529978110776,0.5465650698354763,0.2335403086175562,0.690085110631274,0.95,1986.3158363030373,0.3061895211698482,16.157809319986818,0.14909650505269956,17.404389564649733,0.7521144037233484,0.2216421558515133,1996.0934120834384,3.0649116536836525,0.0004642786604269344,3,76.58778263762751,157,33781,Simulation_9USFCEPY
0.0023643298579749455,0.6446595444101298,0.37411132706373934,0.0018903407592328538,1995.0,3.034742580515027,0.7794814567744855,3.297392318496784,4.679668217362062,1.4498543126692214,1.3176000680038404,1.7632701165514968,1.3788786965742426,0.9,0.9,1.5827924087136345,2.7166571959906065,1.6248540527760018,2.7646520483461736,0.17651462638557935,2000.3000655293238,2.5899202757933995,0.0008355083230202935,0.14834503772472882,0.5053402733826803,0.5106139489753643,0.33733769707507244,0.08882030307547054,0.4843217076336829,0.17424094908556526,0.5512481959303192,0.9031947386773429,1986.893779904625,0.3112918545071882,15.930125962876883,0.12837491242882218,17.782945316818875,0.7378015192339159,0.18427918379574185,1995.1119708526114,2.8932390600568936,0.0004985984428346222,2,71.59619235821656,158,59953,Simulation_IGKHGX9Z
0.0025441298216441126,0.6317768768779074,0.4160200978416001,0.001390884421445715,1996.9074728409462,2.7093666200896025,0.9527505114561458,2.9979092100230726,7.3635682992650695,1.4258798585930625,0.9,1.8979443355815655,0.9,0.9822117011877438,1.0117789843099334,1.309559935061514,2.3297322384022467,1.5038195300585737,3.0,0.21124061465247804,2001.73079181818,3.004452528311156,0.0009669217052998762,0.24251693886128933,0.4,0.5560620484313856,0.13187550338261633,0.13528902728695696,0.5169121695534812,0.14221079780606538,0.8,0.95,1987.3150832972274,0.18556404939535456,16.936820040379903,0.1671128371594387,17.257082235518013,0.768961199161201,0.26534864455806734,1995.07267403632,2.6889220366078526,0.0004938006808176744,9,77.23964718500807,159,28184,Simulation_DIBQ96OX
0.002357306725445894,0.545175756804479,0.41765565189722864,0.001339330552447618,1995.7255326938186,2.4331627482046545,0.9186693740879367,3.439296681174895,7.221341706249933,1.3832229126672215,0.9,1.9710848698654782,0.9,1.3267939103111195,1.1086963699930945,1.2646624820659909,1.9071666214721277,1.1662056417557412,2.824115475114063,0.1727824595449884,2001.5132367704489,3.638011818765354,0.001,0.18306402032593563,0.4,0.5264941162926695,0.17852303334276376,0.16717511953870673,0.5425127187918101,0.10409876915857888,0.8,0.9116365675850024,1988.2058230394155,0.15334029896533005,16.4355782871018,0.14759059049510384,17.18236325538496,0.7157220840035917,0.33143894546243247,1995.5651938371216,2.353205182800057,0.0004986441057616424,10,77.37847081937221,160,36123,Simulation_7PQGGLOJ
0.0023497172848870023,0.5604513518809967,0.40883581103091965,0.0012868909161671562,1996.1541907516341,2.3517296294171977,0.8872219410274175,2.4781039527371407,5.285795917104248,1.365686216225295,0.9,1.9172973232060693,1.041640349058907,0.9093280659051949,0.9,1.5665889732862197,2.1811217592828562,1.4848296588829462,3.0,0.12079031168778696,2000.3777529358103,2.6623613631856133,0.0007243102421897856,0.2254881026449833,0.45951198673722066,0.5542816043676639,0.28915239692324707,0.16109529978110776,0.5465650698354763,0.2335403086175562,0.690085110631274,0.95,1986.3158363030373,0.3061895211698482,16.157809319986818,0.14909650505269956,17.404389564649733,0.7521144037233484,0.2216421558515133,1996.0934120834384,3.0649116536836525,0.0004642786604269344,3,76.98248415603979,161,45619,Simulation_H7WVL4JF
0.0025166401294646115,0.6448369537977191,0.4378421007345871,0.0013331138540194022,1995.0,2.385755932073999,0.8599795575216583,2.649202382187319,7.617348108276906,1.4672732058600662,1.1244913209746095,1.8032579104671078,0.9,1.0657152789464541,0.9925912151958081,1.2027492424247672,2.5150728970691367,1.5748224786800775,2.972722818238506,0.12848236192826526,2000.869870368824,2.6904960199102836,0.00099818471131545,0.2763758259738068,0.4,0.5686688977457023,0.1093304121485221,0.11365169451712587,0.4370859241917662,0.08551635423378637,0.7352340025583994,0.95,1987.2372548395972,0.1965843262927336,17.3969988332408,0.12217313710732006,16.764138738658467,0.7660499643905674,0.34985327163448676,1995.1188873909784,2.7674943035049746,0.0006076887014948519,9,77.20158140097085,162,15420,Simulation_BGAG7M3J
0.0025760728601878394,0.6382008792927609,0.4443779485807974,0.0013318718923649817,1996.706787683624,2.435358695380939,0.8611214772226607,2.569064600421018,7.893244867295937,1.440647044016055,1.07879187257642,1.9508510396611507,0.9,1.0375353523693815,1.0371721712852027,1.322177312194509,2.4993377063958087,1.4086063768642183,3.0,0.27404529042228193,2001.4824504437713,3.2574527032235254,0.001,0.21381228975190078,0.42528549145588207,0.6127135335848881,0.10903731772799324,0.12366406771038332,0.5122284272939577,0.12215532847281729,0.7562895779840785,0.9339151864407286,1987.1074947487152,0.1397090441151448,17.490798291494674,0.19116648595035127,16.173161789075923,0.7738647205744555,0.1843277179631686,1995.0971979083154,3.1883945702387395,0.0003556705512293652,8,75.61474488154141,163,59015,Simulation_Y62XB4UL
0.0023574459362540644,0.5735316098750728,0.4489187963323865,0.0010262769473704278,1995.0,2.4241155369548446,0.9999,2.8112453256827874,5.7514171156792395,1.5413086550048536,1.2877186875643387,1.802684429774283,0.999073955065161,0.911209539839662,1.1018303142549437,1.4501005097400592,1.9942687234045808,1.5445414533471822,3.0,0.11870054539442923,2000.104326625743,2.774082420819042,0.0009246640340965521,0.1844216648406497,0.4546453920557514,0.5359083040812578,0.19548862249002813,0.10692839687861012,0.33132016998838465,0.3216100589584758,0.5454807383348367,0.95,1987.2840615171715,0.2312175034958509,16.93121210227883,0.1739287374120292,18.1696182283642,0.7588983684547957,0.28495282384007475,1995.8549207756205,2.5992050965254405,0.0007034516071959572,4,76.75777712510482,164,44659,Simulation_FOT4FI2Z
0.002515002860982472,0.5190807822438367,0.468242696211884,0.001375698941809191,1996.6504455557567,2.125312513053379,0.8629679552390733,2.820162547630659,5.636457054440062,1.3475617282255816,0.9,1.8659394873796964,0.9,0.9,1.0443884246278436,1.3263677564712906,2.5633966642906754,1.4301215178157733,3.0,0.20471298274736544,2000.6141644315232,3.322200602017616,0.000851498186598067,0.17767492696361423,0.42635530819431733,0.6485294924882546,0.2051813094867586,0.15492079127099898,0.5682235237741199,0.23959983694543868,0.7336371636868201,0.9174059014061496,1988.2250681689911,0.21963827480541132,15.948291634195941,0.19652388856283803,17.708607425667896,0.8,0.3073698534249502,1997.4315841904893,2.937523787476477,0.0005516207038789036,5,76.50906308915074,165,23903,Simulation_VP90Y63J
0.0025693408553724667,0.6558204897955864,0.422222580882658,0.0015195071790710369,1996.5016586686265,2.6240554723672878,0.7945758305139833,3.552994618501974,5.9023947805284065,1.4485432599898795,1.31873428741111,1.8020711585137235,0.9459658294093879,1.1185548495200444,0.9,1.3944174389404038,2.347409110021312,1.5262115641238088,2.660756347527836,0.18251663052046108,2000.3148753021321,2.7632933892754408,0.001,0.2685494676687084,0.4,0.5703124091538861,0.12796086766680276,0.14410137753026997,0.6094648101980601,0.2625613365338761,0.7450222608179667,0.95,1988.5553967333958,0.2107503890194152,16.823062883362148,0.1594674358506462,17.297192719872456,0.8,0.1560996292389277,1996.9830777320012,2.720426254795227,0.0004428188914062133,6,76.54829338647905,166,16403,Simulation_JH4BZGEE
0.0025232402594638197,0.6660302891744053,0.5,0.0011024809434763837,1996.4304334645715,2.4633883132212304,0.8955917245380534,2.675417342876532,6.564771485009969,1.448095414527507,0.9,1.8384305280105937,0.9532469102675231,0.9,0.9,1.3389202867128955,2.1443619270359586,1.5137418096817805,2.5188340986441085,0.17270683226072972,2000.0983171527514,2.869298022564157,0.0008908874453655875,0.1845060761552734,0.4632449551605736,0.5658835620258414,0.22381121259595937,0.151058690294127,0.5136037184488865,0.21579111355155933,0.704034045027003,0.9467149516983334,1990.0,0.26183169806808626,16.304652072128217,0.1458995744475312,18.31820277402529,0.7758098401783128,0.15877947600298836,1996.0391052711916,2.5069656549727704,0.0006997122736519343,6,76.83131795987917,167,28812,Simulation_GMQDS6JW
0.00255173773092668,0.6302833053811132,0.4707939787139939,0.0013208997979391862,1995.1668990125052,2.6827330809947174,0.8950068114992068,2.536753974085343,6.001405465824883,1.577947284852554,1.0909174379398028,2.0,1.1380076789185598,0.938101607571953,0.9738988896440159,1.4608641519450751,2.035381079483246,1.6135225658631396,3.0,0.23130486301198272,1999.2720048691267,3.350386453429016,0.0009392492213652335,0.24180730610153528,0.45753543258359763,0.5598328404663105,0.16563867795925802,0.10550596542143822,0.52324659887779,0.2367198391587568,0.8,0.9438606508536549,1988.645005742178,0.19062992321020492,16.88360522106876,0.17606393655579422,18.373968994466836,0.7843961081495016,0.273896862490678,1996.0518163105562,2.6659356134594714,0.0004795044281193863,6,76.99432666025227,168,43198,Simulation_ZTVU1S9N
0.002550198656627275,0.6174879288441449,0.47152301857867235,0.0013952454469029422,1996.6630349274467,2.5026086363671465,0.8605182442441244,2.8687122171940858,6.7681555671238565,1.4632727736890774,0.9,1.9051156348253042,0.9,0.9,0.9627841800569181,1.4133014560044475,2.243018847428718,1.5153893553285795,3.0,0.1866160741297357,2000.7385366616513,3.0987616802561804,0.0009262494168002246,0.21678863576150442,0.42250284321809456,0.5731698478025171,0.1710781199983758,0.1196537781442093,0.6043579745510003,0.20644282683595633,0.8,0.95,1987.816546706512,0.23248249591808592,16.78695994309292,0.17264741272580567,18.351652043009636,0.8,0.24229949209452264,1996.0039756513295,2.913457291702272,0.0005504063047240372,7,77.0938319201284,169,23157,Simulation_61TWXICH
0.0021784841534490357,0.5346993280137249,0.35838272942084193,0.0014846410069896503,1995.0,2.4559642530353822,0.9066475467220564,2.4496749270536835,4.607370057259838,1.4645572330743248,0.9,1.950261318471519,0.9,0.9475353403971746,0.9,1.5698825782340948,1.9189540828199767,1.341133598097505,2.9476685197539694,0.14504813330402222,1998.5777696258097,2.879407803186441,0.0007846431229455421,0.1421513434951142,0.4,0.5445064547419064,0.35466415341591434,0.18176560206034115,0.5957909708330349,0.2648991109640818,0.7559416903099794,0.95,1987.6424955079483,0.35861295145255123,16.68895927492853,0.1432616025985789,17.924678155072026,0.7755241348402555,0.2533535523549322,1996.1137455578382,2.9700140426669925,0.0004356215791901254,3,75.84354571866497,170,65383,Simulation_VSDIBG9O
0.0025441298216441126,0.6317768768779074,0.4160200978416001,0.001390884421445715,1996.9074728409462,2.7093666200896025,0.9527505114561458,2.9979092100230726,7.3635682992650695,1.4258798585930625,0.9,1.8979443355815655,0.9,0.9822117011877438,1.0117789843099334,1.309559935061514,2.3297322384022467,1.5038195300585737,3.0,0.21124061465247804,2001.73079181818,3.004452528311156,0.0009669217052998762,0.24251693886128933,0.4,0.5560620484313856,0.13187550338261633,0.13528902728695696,0.5169121695534812,0.14221079780606538,0.8,0.95,1987.3150832972274,0.18556404939535456,16.936820040379903,0.1671128371594387,17.257082235518013,0.768961199161201,0.26534864455806734,1995.07267403632,2.6889220366078526,0.0004938006808176744,9,77.42355730526597,171,6185,Simulation_LCM41H8C
0.002550198656627275,0.6174879288441449,0.47152301857867235,0.0013952454469029422,1996.6630349274467,2.5026086363671465,0.8605182442441244,2.8687122171940858,6.7681555671238565,1.4632727736890774,0.9,1.9051156348253042,0.9,0.9,0.9627841800569181,1.4133014560044475,2.243018847428718,1.5153893553285795,3.0,0.1866160741297357,2000.7385366616513,3.0987616802561804,0.0009262494168002246,0.21678863576150442,0.42250284321809456,0.5731698478025171,0.1710781199983758,0.1196537781442093,0.6043579745510003,0.20644282683595633,0.8,0.95,1987.816546706512,0.23248249591808592,16.78695994309292,0.17264741272580567,18.351652043009636,0.8,0.24229949209452264,1996.0039756513295,2.913457291702272,0.0005504063047240372,5,77.42257835591236,172,56235,Simulation_9SEZ2YO4
0.002584731409164265,0.6091176051667928,0.4981807648691039,0.0015159811533365225,1996.3629005606253,2.444641878858847,0.8892750608351981,2.762571309075661,6.663448844643449,1.478422403149106,1.1655678268085032,1.8359315522731903,0.930468555428767,0.9,0.9,1.3944677452537468,2.488395888628938,1.477955512705663,3.0,0.19832049367200538,2001.0280298213036,3.658747915978544,0.0009366968251422827,0.2844838066972604,0.42459347342922305,0.6318850382996497,0.2172481934023872,0.11843431296153493,0.6038666362275544,0.2404996169473774,0.8,0.95,1988.0929414087104,0.2665335961229488,16.955438123142443,0.1630709966349762,19.222620415704814,0.8,0.2765760920548407,1995.074783776426,3.370525855147667,0.0004343041081929813,7,76.63997037231495,173,30612,Simulation_T0I9RK0K
0.0024545073313977997,0.5950587731106309,0.4682063140120477,0.0015732474290907205,1995.5693910607454,2.380749059090899,0.9644258398321981,2.8142952611979317,6.790368989287851,1.540705550922778,1.0137815203585072,1.9789350537917456,1.531680077675794,0.9,0.9982978189305597,1.48842094630121,1.996031046327643,1.5666006906772354,3.0,0.134891555863212,1998.4612338944619,3.0768606427834,0.0008033436760061634,0.12577446384844604,0.4,0.5561507588702341,0.1350500183152994,0.1056633477256138,0.46241850456520167,0.2950608424611111,0.683172377303013,0.9352409110981366,1986.9270148500204,0.22887011817383332,16.414235246995748,0.15362326732839326,18.386186157428984,0.8,0.23020218486394525,1996.8438047117636,2.445471850197875,0.0004998982060299778,4,76.60823525488277,174,42749,Simulation_KODSSVTN
0.0025618545325655604,0.6928321624901188,0.3769208375961867,0.001302465111767104,1997.6089283848994,2.5522295472625918,0.9585766371661186,2.6860506132732365,7.1933136443141255,1.4549300918693648,0.9,1.8007212921278497,1.2479503988975162,0.9,0.9,1.2629028667373128,2.447569771536492,1.5090524637147897,3.0,0.22140048497278583,2001.480545074455,3.0577580035211107,0.0009127385117566147,0.17416573818817116,0.4,0.6186003033123505,0.0869103565282553,0.09836462315350275,0.41057923726010925,0.16369301604117625,0.8,0.95,1987.8864494490351,0.21126024008270888,16.358612636674497,0.173641076369487,16.954218291208495,0.7629709667363082,0.24953285449226476,1996.3607186511267,2.964986262116891,0.0006691273052929429,8,76.57211332676954,175,12527,Simulation_M2QST9MY
0.0023492579965315548,0.5971433975327041,0.46208351372338224,0.001615383736669357,1995.6633472622095,2.243227931919413,0.9999,2.590796273565884,5.834947718388353,1.470036824498675,0.9914804248222783,1.8847092099522225,1.0551894130696216,0.9,0.9,1.4795505374734226,2.1013576382141967,1.5308007197857887,3.0,0.1642999234908279,2000.6912909760006,3.1605308732003152,0.000847637131458781,0.23252926964963982,0.4368253665398179,0.5536128937013822,0.2025307647614873,0.11286759736210861,0.3836959387896687,0.2640321925452285,0.6492950753910266,0.95,1987.250298914492,0.21449178461666063,16.785979613306484,0.17019845908005102,18.19734922098695,0.7932620450886138,0.2622379344170739,1995.7597834743005,2.7072553170721787,0.0005604994339663208,4,76.81043417393396,176,65094,Simulation_I9D57QA6
0.00241170594121489,0.6100300232400744,0.46726477066677813,0.001690388001344708,1995.0,2.1423420541539433,0.8956476473784477,2.5091316090072584,5.686055445557965,1.4861465439376194,0.9,1.8896883712528654,0.9,0.9553561323224683,0.9166523325736875,1.2485508664238185,2.116805862066843,1.45569117580931,3.0,0.1819294870876471,2002.003001686422,2.991242370076845,0.0008975347349099278,0.22953029321190105,0.4480030373582511,0.5532538729981747,0.22666980916258178,0.13125938608304602,0.4567996371897909,0.2302583683260026,0.6521870070433463,0.95,1987.8834758579783,0.1820846908545414,16.4099280465534,0.1670070393725937,18.219074856224083,0.7888406153508942,0.22319510523800828,1995.762335860084,2.62581780171553,0.0006019225118379683,4,77.14948646232568,177,8788,Simulation_YEZBDEOV
0.0025644481872730885,0.6999106826728743,0.41080072801480205,0.001,1996.0971560809135,2.5535725240738953,0.9179569405447423,3.5230056497070596,7.342448680647322,1.3523909879359932,1.0048143676809094,1.8495590350635605,1.1972479834978773,1.0112279021207753,1.0551151610006138,1.2987559808512417,2.5039571129906135,1.443369239642607,2.8251753200448353,0.21584479669478,2003.62192899054,2.7020785886727734,0.001,0.2629128809135095,0.4392790968073824,0.5593043609196092,0.19257145416870963,0.11967309033664134,0.5749656462997925,0.14108773495021915,0.6991617665059082,0.9305988106400317,1986.109087642753,0.15322447776111894,16.36741534565565,0.16494855785328247,16.443734743269047,0.7533971726189659,0.3086756423794804,1995.585777953095,2.383369576448859,0.0004784378538464953,9,77.0392922406884,178,25873,Simulation_HNFCG0C3
0.002245197162647731,0.5363033883520394,0.46793763769065,0.001,1996.5942049431567,2.243925494800834,0.9323463769679265,3.10534297562743,6.7274596722130084,1.3783677052413132,0.9,1.8421803450981102,1.0783567537685577,1.1038274349561146,0.979277699058985,1.0948492904066034,2.564164232762419,1.330793892956917,3.0,0.20918798507982544,2002.6867108275037,3.203411079502652,0.0007935576081347201,0.3054948413689724,0.48655137003660937,0.505047874301257,0.06285186308848734,0.13036410273614873,0.6151112217011434,0.06636000171987644,0.6407765690509114,0.8559691052217183,1987.3568489492538,0.13795244761698866,16.190657968678824,0.1507044059854097,17.06653863090381,0.7199955897207058,0.21673185151440047,1996.451388332707,2.389990768990862,0.0005471429994225107,13,76.32977231823796,179,27568,Simulation_M1JSV0A1
0.0025363159417989235,0.5411614273564826,0.414818026511397,0.0017107556451521305,1997.252694329709,2.262795327339687,0.8360548976949316,2.557586901330288,6.16814568968061,1.4282934114001695,0.9,1.8160811996012138,1.0476282104554613,1.0244101850587284,0.9,1.6281977607616038,2.034684224150801,1.3766349973031882,3.0,0.11611684551206577,2000.925243711322,2.552190547635195,0.0007340837263394464,0.1914517353127993,0.49221368766091916,0.5716794146691266,0.2843088079614543,0.13299508937906868,0.5855679810493627,0.22833250645047776,0.6697561303260363,0.95,1985.8780343037226,0.32601434008190705,16.46231920498286,0.15491508922790548,17.508805846837685,0.7743383873641358,0.18120135215528424,1996.6573996416728,2.458136986799062,0.0002201534768531091,3,76.23548050123127,180,29247,Simulation_HDBVK9VH
0.0026115898960978384,0.5654426700585165,0.5,0.0016598112198435888,1996.2939758550378,2.593647904493118,0.947876362762447,2.658802377283446,6.469749106834498,1.4381847990660601,0.9,1.8402898588606336,0.9433485990905992,0.9046325694023223,1.06341756102535,1.3176147940434781,2.2045768929660556,1.5368427671765459,2.9471846132158213,0.19814067652988038,2001.2057412526,3.1359884381807315,0.0009536083817220522,0.2571495551136056,0.521422811302632,0.49329676639469855,0.16382587465742313,0.12498866775613568,0.6504109519684365,0.18087243850189222,0.8,0.9296145676108872,1987.3373907392343,0.20434270319434916,17.239078294219215,0.17476480064251718,17.659719447306355,0.8,0.21448489979845348,1995.7449281387474,2.73903300179526,0.0004502110695115914,7,76.9314047653951,181,15237,Simulation_YZBFF8SZ
0.002550198656627275,0.6174879288441449,0.47152301857867235,0.0013952454469029422,1996.6630349274467,2.5026086363671465,0.8605182442441244,2.8687122171940858,6.7681555671238565,1.4632727736890774,0.9,1.9051156348253042,0.9,0.9,0.9627841800569181,1.4133014560044475,2.243018847428718,1.5153893553285795,3.0,0.1866160741297357,2000.7385366616513,3.0987616802561804,0.0009262494168002246,0.21678863576150442,0.42250284321809456,0.5731698478025171,0.1710781199983758,0.1196537781442093,0.6043579745510003,0.20644282683595633,0.8,0.95,1987.816546706512,0.23248249591808592,16.78695994309292,0.17264741272580567,18.351652043009636,0.8,0.24229949209452264,1996.0039756513295,2.913457291702272,0.0005504063047240372,7,77.35746084149224,182,30627,Simulation_84Z93FIN
0.002550198656627275,0.6174879288441449,0.47152301857867235,0.0013952454469029422,1996.6630349274467,2.5026086363671465,0.8605182442441244,2.8687122171940858,6.7681555671238565,1.4632727736890774,0.9,1.9051156348253042,0.9,0.9,0.9627841800569181,1.4133014560044475,2.243018847428718,1.5153893553285795,3.0,0.1866160741297357,2000.7385366616513,3.0987616802561804,0.0009262494168002246,0.21678863576150442,0.42250284321809456,0.5731698478025171,0.1710781199983758,0.1196537781442093,0.6043579745510003,0.20644282683595633,0.8,0.95,1987.816546706512,0.23248249591808592,16.78695994309292,0.17264741272580567,18.351652043009636,0.8,0.24229949209452264,1996.0039756513295,2.913457291702272,0.0005504063047240372,7,77.2178165402829,183,9049,Simulation_DWHW65H3
0.002560544041311302,0.5109607408725872,0.47062233591919167,0.0014336671245802528,1995.8034346078898,2.4105559030979973,0.745706917553648,2.5228179343247166,6.963391805346209,1.5508126329082264,0.9,1.8370271194040335,0.9,1.061809928177353,1.0112961523603827,1.369315655907312,2.3046984857357997,1.6893289251290782,3.0,0.21726907613802027,2002.6120192838373,3.0201440097146888,0.0009695268268917273,0.2214247300883449,0.4,0.5941170565373459,0.15438748430791402,0.10891430780063065,0.5852122387556828,0.20663592703916184,0.8,0.95,1988.3528367373046,0.20850333589041367,16.610605767454818,0.17705319572850461,17.103083535273477,0.8,0.2518247630280587,1997.1082659795256,2.821087094511898,0.0005371323942959515,7,77.43153842746084,184,39793,Simulation_A1ZN5Y84
0.0023724381259630813,0.6370079423667998,0.5,0.0018722164480099934,1995.0,2.0,0.9999,2.409812929663153,5.104273095736704,1.3133795464591478,0.9,1.8880914790682197,1.0392416048195103,1.0520054662536058,0.9649332933356783,1.5046770253800792,2.154044992050982,1.6555422576486245,2.8385658826773295,0.10207826377686088,2002.4777089684458,3.482597519680816,0.0007959987324016699,0.2555516243403365,0.5189198578033622,0.5115827078296661,0.19471623601706148,0.13503432931698794,0.3510762623802322,0.2980034347280023,0.724277907873683,0.95,1987.5271878064646,0.1773179129768646,16.95884909974352,0.16699100211370219,18.08037897267884,0.7918013948152199,0.1923528187533764,1996.150658818188,2.8171598005364267,0.00046026596356554404,4,76.6152491509467,185,49908,Simulation_JCVXPSPJ
0.002469423231736342,0.6551785992798893,0.476133925336658,0.001,1995.0,2.316169492388573,0.8652620979403093,3.181598919297901,6.946737163605533,1.165527558207637,0.9,1.9109008986596663,1.2023490990300085,1.08945019460232,1.0079788433799,1.025121044144668,2.3450804195194292,1.335525650045795,3.0,0.2618884434452669,2001.3500400847997,4.20873160818201,0.001,0.21515898400789818,0.4202419742311276,0.4899316059358002,0.01860855809134182,0.1236981595197023,0.501238686026328,0.05709386105706731,0.6610398978016432,0.8628051819370696,1986.4950222751895,0.16631793441096288,16.810552642446677,0.18101199153666925,17.08438709330903,0.7680362624463289,0.29342297991837246,1995.0,2.7572870678919394,0.0006106866865043383,13,75.27317985863381,186,56771,Simulation_YAPWQZI8
0.0023953958313883577,0.5330759112272319,0.438483302163116,0.0010005590374030878,1995.316471898863,2.4445720390554855,0.9478752469974328,3.316556935164237,8.0,1.3811005759754642,1.0126915688093683,1.7064780791359564,1.0706062377040544,1.0795094785926715,1.0189168457603575,1.3186355791688102,2.2843341932003756,1.3721278347736898,3.0,0.3067298894884904,2003.7891359409232,3.292875486719279,0.0008878222823208995,0.2550658725870355,0.4385565927046202,0.5367699172681845,0.06945609397859753,0.14083740025180247,0.3861818531538463,0.08320205199783545,0.8,0.95,1987.8311619353296,0.14452749807642565,16.495393122756496,0.16559301260126383,17.578776831635142,0.745307175196181,0.23037048625970213,1995.2536832670542,2.455833080838454,0.000910935286778312,10,74.85826660108015,187,29472,Simulation_UQ5Z5CUF
0.0023566418673348593,0.6043015890340045,0.4469486668249234,0.0010178766350686164,1995.7820596184022,2.4929601924408007,0.8470911867572014,3.311221966511226,8.0,1.322975441734423,0.9,1.8486854002348752,0.9,1.0624686346170815,1.184003995539367,1.4658857928352516,2.365129308930192,1.4430864557122858,2.7907553620869705,0.23076147939195024,2001.6484359856847,4.149249893438314,0.0009921094493809965,0.3016180889393688,0.4336924607043927,0.5474867475028818,0.08562361121462453,0.16390578883114518,0.47796251262738515,0.15305527601459612,0.6880750506169541,0.7998673998221579,1988.3742213196685,0.13360937834393352,16.49149653094302,0.15147292231728698,16.411946765172353,0.7753712749053204,0.3400941495656485,1995.0458171423147,2.3686268383924722,0.00046660761672125573,10,76.83309709549707,188,9817,Simulation_CTJRO18C
0.002533332626443162,0.6918419537108687,0.4234766586442467,0.001,1996.630476294971,2.398905542214342,0.9839722996683542,2.803472716649987,6.967847584427533,1.3560173361077534,1.2403369487977756,1.999511803269673,0.9727826023648242,0.9,0.9786524358468013,1.4016995991306131,2.2517128484759734,1.523774249764225,2.925034789364835,0.21953758504153792,1999.5808032727095,2.5622963266372487,0.001,0.21769943050962826,0.4369245569456857,0.5310568485339993,0.12701121753024333,0.12955233912966613,0.7107768738542227,0.2659380649110501,0.8,0.9320060838981508,1988.6805632641478,0.26238454334483413,16.568347578100948,0.1462602236350316,17.898716951432935,0.8,0.22832490381741033,1997.6868184020516,2.7403326714186216,0.00046226737274389726,5,76.08684877866445,189,34290,Simulation_21LNMWQA
0.002550198656627275,0.6174879288441449,0.47152301857867235,0.0013952454469029422,1996.6630349274467,2.5026086363671465,0.8605182442441244,2.8687122171940858,6.7681555671238565,1.4632727736890774,0.9,1.9051156348253042,0.9,0.9,0.9627841800569181,1.4133014560044475,2.243018847428718,1.5153893553285795,3.0,0.1866160741297357,2000.7385366616513,3.0987616802561804,0.0009262494168002246,0.21678863576150442,0.42250284321809456,0.5731698478025171,0.1710781199983758,0.1196537781442093,0.6043579745510003,0.20644282683595633,0.8,0.95,1987.816546706512,0.23248249591808592,16.78695994309292,0.17264741272580567,18.351652043009636,0.8,0.24229949209452264,1996.0039756513295,2.913457291702272,0.0005504063047240372,7,77.29742796616056,190,16705,Simulation_TDGMRFIL
0.0025057991670792003,0.5541617570854969,0.4391726676659273,0.001311702158897605,1997.3962625406366,2.868166786475194,0.7343008533577678,2.9642002805244783,6.265676225220187,1.5436109059937648,0.9,1.8991510809794259,0.9,0.9722080364396175,0.9,1.464113525517765,2.3852124041411487,1.675857529848587,3.0,0.18616164429945253,2002.037167295407,3.2429698447135005,0.0007946752987185762,0.209044706162043,0.4436711389369783,0.5437476637653562,0.14851440210860767,0.15985523348129427,0.666534700550803,0.18167594837918163,0.7692241188124719,0.9270584784641431,1987.1835089794602,0.2600258577603727,16.424955074630297,0.1717036139457841,17.190645288287378,0.7748480583460587,0.28244006492996465,1995.137765758995,3.2000702086865065,0.00048093265815829484,5,77.25695048623253,191,54195,Simulation_HERYT0H7
0.002592764568886705,0.6003903737965042,0.41882141927922334,0.0013991331218689185,1997.1606125187984,2.7491438439606433,0.9938301545291025,3.090285471746681,7.388433821114093,1.4200808169851689,0.9184301728375184,1.7814459171274784,1.0807893768953842,0.9259871013158582,1.0947692187460916,1.2698868636077723,2.406586558998167,1.5884915205649022,3.0,0.21751064144133414,2001.5429614694256,3.606600223637853,0.001,0.20414628876221352,0.4,0.4841318191511146,0.09725644024443403,0.1364765749066148,0.7231395258454237,0.1383337713353352,0.8,0.917418180111565,1987.067387165672,0.1992089318245861,17.260316652777632,0.20831333428587295,17.263525816038907,0.8,0.31260747434893693,1996.140305861289,2.5556636698877178,0.0006542919407870199,8,76.75301600437628,192,1659,Simulation_SRYHVACQ
0.0025005039812036212,0.6522760360257324,0.41707514388230765,0.0013175572701726007,1995.5645951867225,2.8428229534445686,0.9508403824802222,3.016394761071937,7.993434573162858,1.481358168594355,0.9,1.6036130704920017,1.0627242490092763,1.0535386498601507,0.9532237715273715,1.2456975482959585,2.428091714618881,1.6163578497491689,3.0,0.2850851739493376,2004.045127318926,3.016541406482571,0.0008500456582260037,0.2537714419899175,0.4,0.547840060409749,0.1931018817663173,0.11376334727654977,0.45254381751413686,0.1255935123827722,0.8,0.95,1987.1520798140275,0.17490297582397618,17.229655140461784,0.15517275300962083,18.333812220878844,0.762367090817028,0.32315590259546856,1995.0,2.261845182688238,0.0004718085460444043,8,76.88944928134185,193,9326,Simulation_IQYC4TYR
0.0026126725062039853,0.6023294814809447,0.4657874944727735,0.0014602142431553952,1996.6037509789317,2.372530875302772,0.7042933486973084,2.775400087594697,6.057418065227414,1.4096518992122338,0.9,1.8579985059249813,0.9,0.9,0.9,1.484560865809978,2.4214493965410577,1.6170786816555354,3.0,0.26363793755630127,2001.3686823586581,3.5362293612968037,0.0009357581169707652,0.20938992092801043,0.4,0.5711585023820286,0.24248602121853513,0.08648155903140566,0.5538024551964296,0.19206571992480667,0.7541627174940723,0.9161812537992795,1986.2919837910708,0.21995235681536798,17.20588088376383,0.16421926125005226,18.47678049866242,0.8,0.3924121103040058,1995.0,2.8181042368768305,0.0005758084157904205,7,76.58208237620617,194,12588,Simulation_1AGQBBWB
0.0025441298216441126,0.6317768768779074,0.4160200978416001,0.001390884421445715,1996.9074728409462,2.7093666200896025,0.9527505114561458,2.9979092100230726,7.3635682992650695,1.4258798585930625,0.9,1.8979443355815655,0.9,0.9822117011877438,1.0117789843099334,1.309559935061514,2.3297322384022467,1.5038195300585737,3.0,0.21124061465247804,2001.73079181818,3.004452528311156,0.0009669217052998762,0.24251693886128933,0.4,0.5560620484313856,0.13187550338261633,0.13528902728695696,0.5169121695534812,0.14221079780606538,0.8,0.95,1987.3150832972274,0.18556404939535456,16.936820040379903,0.1671128371594387,17.257082235518013,0.768961199161201,0.26534864455806734,1995.07267403632,2.6889220366078526,0.0004938006808176744,8,77.33211616425811,195,59225,Simulation_ARCXXURW
0.002514405811055908,0.5834313696780505,0.46712782489146426,0.0017564622650304825,1997.154559234906,2.4834732914381137,0.7307939840335327,3.0362811890047747,7.04545905650372,1.3984283292410602,1.0880582476286158,1.7940484324115236,1.0625232483511797,0.904791302292026,0.9,1.5380816017801273,1.8829559543675738,1.680483257232672,2.765871493505054,0.17658104289304055,2000.9491426496347,3.8814172564866745,0.0008668448617963611,0.26852844526339475,0.4391087131323171,0.5469148050608258,0.12540332091670486,0.14863369242004626,0.505899311143015,0.2627248111569179,0.781894814499055,0.95,1987.889886723311,0.27698967598365665,16.561483878338493,0.20045168169777428,18.533633914536285,0.8,0.13290197982970514,1995.6168361067396,2.9740381008676273,0.00031552737138684805,5,77.02120611290268,196,11249,Simulation_0P8LQ21Y
0.0026837681630435726,0.6534468016472867,0.46058804839055956,0.001593763725421351,1996.8812243257223,2.490037520699743,0.9301311983799903,3.0033197344080804,6.275409272324824,1.5655574254486373,0.9639517591823067,2.0,0.9,1.0201665725101918,0.9,1.4740310700255306,2.4494654911194433,1.3920807967679818,2.8816330521726328,0.16418004590413193,2000.8364098906995,3.438513176982013,0.0007939876327349707,0.2166598566941885,0.42087813475738656,0.5431211152446405,0.20036046086707232,0.11487884325669409,0.5421153814267831,0.21577327943946156,0.8,0.95,1987.8648083583366,0.23725902527271028,16.882443362793737,0.23547162119372134,18.982811500455586,0.8,0.28088908624905,1996.1392202062293,3.023337239797081,0.00045652555871024083,6,76.80347418278143,197,10883,Simulation_E2ZH09SP
0.0026126725062039853,0.6023294814809447,0.4657874944727735,0.0014602142431553952,1996.6037509789317,2.372530875302772,0.7042933486973084,2.775400087594697,6.057418065227414,1.4096518992122338,0.9,1.8579985059249813,0.9,0.9,0.9,1.484560865809978,2.4214493965410577,1.6170786816555354,3.0,0.26363793755630127,2001.3686823586581,3.5362293612968037,0.0009357581169707652,0.20938992092801043,0.4,0.5711585023820286,0.24248602121853513,0.08648155903140566,0.5538024551964296,0.19206571992480667,0.7541627174940723,0.9161812537992795,1986.2919837910708,0.21995235681536798,17.20588088376383,0.16421926125005226,18.47678049866242,0.8,0.3924121103040058,1995.0,2.8181042368768305,0.0005758084157904205,7,76.58208237620617,198,47975,Simulation_SUHAJUH6
0.002550198656627275,0.6174879288441449,0.47152301857867235,0.0013952454469029422,1996.6630349274467,2.5026086363671465,0.8605182442441244,2.8687122171940858,6.7681555671238565,1.4632727736890774,0.9,1.9051156348253042,0.9,0.9,0.9627841800569181,1.4133014560044475,2.243018847428718,1.5153893553285795,3.0,0.1866160741297357,2000.7385366616513,3.0987616802561804,0.0009262494168002246,0.21678863576150442,0.42250284321809456,0.5731698478025171,0.1710781199983758,0.1196537781442093,0.6043579745510003,0.20644282683595633,0.8,0.95,1987.816546706512,0.23248249591808592,16.78695994309292,0.17264741272580567,18.351652043009636,0.8,0.24229949209452264,1996.0039756513295,2.913457291702272,0.0005504063047240372,5,77.29234495703257,199,35748,Simulation_TYJHBBOH
0.0024997242725817177,0.5823625158192974,0.37037785022693265,0.0012758046999113454,1996.5301088462702,2.700894788143119,0.9999,2.4204560026182946,7.366813813017352,1.4112620507887006,1.078581566951738,1.9280269139012238,0.9,0.9919307425528838,0.9650627042191235,1.2646961596143198,2.5425636063881503,1.4476479608433903,3.0,0.1894853277034605,2003.374346909998,3.485137321029564,0.001,0.25103248471982004,0.4212305711802426,0.5161834314468056,0.16747784032355006,0.15717523175007028,0.5593949157769086,0.11581325352319286,0.8,0.8487821201328196,1987.8182382925518,0.17382191924187307,16.879440698633832,0.1763025879506533,17.512026878971934,0.7927780850141987,0.25304976289829656,1995.201941321157,2.691819864078234,0.0004526473573707262,8,76.72586370519716,200,23079,Simulation_POTYMBIC
0.002352536158930449,0.5674933881999128,0.4645301737846226,0.0010331894026550442,1996.55859068072,2.4845419507959274,0.692627339152597,3.8020874210929763,7.680330260764547,1.2338557638806056,1.0533149044203367,1.865619822830527,0.9,1.123567775455549,1.0426934359865643,1.1865196892062702,2.567820717963126,1.357650374278374,3.0,0.25862526752615134,2001.7959935675115,3.2004665656438385,0.0009203452011805604,0.276642134558381,0.453883537962211,0.48778509018112765,0.0503081447102843,0.16119331415978827,0.4524041726188516,0.11931498088742418,0.8,0.8330190731993942,1988.5783177423182,0.1739366484702468,15.982256975456652,0.1652005169033943,17.5430153880754,0.7553163689809008,0.28000748287494687,1996.0730362103498,2.2386951298487157,0.0004778743427983997,10,76.74634680625799,201,19705,Simulation_PRCG7ZW8
0.0022997388696401953,0.5909185719241854,0.44710379513889753,0.001835458681437167,1995.0797801028887,2.318717678812548,0.9939666262772403,3.487664296085422,7.093041941277798,1.2577209518106862,0.9,1.9628276649205345,1.2709509776400931,0.9439033180729759,0.989047710937289,1.284752763895024,2.5804292716524615,1.186184196639437,2.8202557129650234,0.26237524528375417,2000.4397756894948,3.0877409731499914,0.001,0.3240951347154264,0.4389876099304886,0.51712954823181,0.0,0.08236949371743035,0.4047855583427822,0.11078948407694542,0.7654105320867396,0.95,1985.9769415479811,0.1,16.759876682028864,0.1798177810560321,18.854931861953244,0.6893965530781732,0.28567393103905575,1995.0206968737882,2.886161760349771,0.0007246407301685682,13,77.00227118939215,202,24608,Simulation_GBL27P56
0.0024940564737767463,0.5987356755519252,0.4118344098181782,0.001298344250996153,1997.088426480513,2.6367288568678435,0.9368969887559022,2.7506263645582467,7.648402592042372,1.4269500937017299,0.9642821040353355,1.770873544483424,0.9205521702626057,1.0121001012880309,1.0192161259293626,1.3470156696461655,2.2891272239233333,1.4354837594425736,3.0,0.225044866176899,2002.2380762617947,3.0393103150618006,0.0009360063252965457,0.20465064789381285,0.4,0.6349267750848009,0.10994629684768868,0.12269401789380634,0.39181191067800336,0.17847022285510006,0.8,0.95,1986.930901907421,0.18431725349256342,17.08100772614939,0.14979738932748585,17.239842036897077,0.7745214549786588,0.2280119609605138,1995.0,2.876976728742157,0.000538505948571109,8,77.347511965076,203,15740,Simulation_J1O6GQ33
0.0025506489302253247,0.6975021038109568,0.4154058896484195,0.0014740151515405813,1998.8626261219574,2.435309103435262,0.9811351633977158,2.5344288444028056,7.282230027054885,1.412042629202334,0.9,1.9645160063818918,0.9,0.921042648158123,0.9932869675758803,1.3791392473919482,2.036694754522485,1.4782898790680687,3.0,0.22178434729264215,2001.5721896197067,3.1076516443462374,0.00095684854469072,0.3099780116307126,0.40229267609958863,0.5990280955061256,0.10824111298597881,0.13222378498529538,0.44634309950665574,0.22724317198656613,0.7873278545185898,0.95,1985.628895229673,0.15453685037466777,16.98580765659308,0.19479357255225382,17.19487341480918,0.7206417881519513,0.15080589217379953,1995.299543207686,2.510841579830626,0.00046756047925128644,8,76.4489949237238,204,41298,Simulation_BS8AM0FR
0.0025441298216441126,0.6317768768779074,0.4160200978416001,0.001390884421445715,1996.9074728409462,2.7093666200896025,0.9527505114561458,2.9979092100230726,7.3635682992650695,1.4258798585930625,0.9,1.8979443355815655,0.9,0.9822117011877438,1.0117789843099334,1.309559935061514,2.3297322384022467,1.5038195300585737,3.0,0.21124061465247804,2001.73079181818,3.004452528311156,0.0009669217052998762,0.24251693886128933,0.4,0.5560620484313856,0.13187550338261633,0.13528902728695696,0.5169121695534812,0.14221079780606538,0.8,0.95,1987.3150832972274,0.18556404939535456,16.936820040379903,0.1671128371594387,17.257082235518013,0.768961199161201,0.26534864455806734,1995.07267403632,2.6889220366078526,0.0004938006808176744,9,77.15839140415096,205,43891,Simulation_GFXQMR5S
0.002550198656627275,0.6174879288441449,0.47152301857867235,0.0013952454469029422,1996.6630349274467,2.5026086363671465,0.8605182442441244,2.8687122171940858,6.7681555671238565,1.4632727736890774,0.9,1.9051156348253042,0.9,0.9,0.9627841800569181,1.4133014560044475,2.243018847428718,1.5153893553285795,3.0,0.1866160741297357,2000.7385366616513,3.0987616802561804,0.0009262494168002246,0.21678863576150442,0.42250284321809456,0.5731698478025171,0.1710781199983758,0.1196537781442093,0.6043579745510003,0.20644282683595633,0.8,0.95,1987.816546706512,0.23248249591808592,16.78695994309292,0.17264741272580567,18.351652043009636,0.8,0.24229949209452264,1996.0039756513295,2.913457291702272,0.0005504063047240372,7,77.17234802415294,206,3115,Simulation_VLU3ZNML
0.002645178707858491,0.6101906748875341,0.4471759943976336,0.001682504849076988,1996.6804083302432,2.7461105091885445,0.9669619056362405,3.262768730286993,8.0,1.4247232062188802,0.9,1.9094276418023683,0.9,0.9,0.9,1.5438248714501137,2.175888291363621,1.5839223127760642,2.9301773096395234,0.22338429428370185,1998.7907459028356,3.6152857012367616,0.0008828952280940687,0.22885215279153093,0.4,0.6493221688062611,0.14264139951973964,0.11170911321703478,0.6905289591038203,0.20071288018941674,0.5941283983729106,0.95,1987.6666214055354,0.23528395440973132,16.77338044331938,0.15334169353664423,19.406404589758118,0.7886322141868191,0.35496491331229085,1996.2804848280653,3.332859661300279,0.0005196559531228005,6,75.74801383021395,207,60892,Simulation_SYBSOCLJ
0.0023499819546316243,0.6079362279810101,0.47178312752582036,0.0018010449475335645,1995.17413566673,2.245415359245323,0.9999,2.688238493945776,5.495202731454438,1.5939637951777348,0.9,1.9974659815683873,0.9423269979466946,0.9,0.9288979886533334,1.1719626285402036,1.9628404679259424,1.444267105941567,3.0,0.2505139089828666,2001.0252285235008,3.5351451502862647,0.0008912643992657526,0.19556091324826597,0.4857554040966616,0.5182042550566192,0.19117467396571194,0.09663217678857661,0.3356310360624388,0.25441150382143973,0.7145543075185828,0.95,1987.956557305773,0.23700134113274096,17.138910915789708,0.17161493789131807,17.604446754919177,0.7989642608299161,0.24795918005556675,1996.1560113956177,2.537822813062912,0.0006749897908322359,4,76.7779631852111,208,61895,Simulation_64IHUKDC
0.002629478432880234,0.6333521211441934,0.42220588720208685,0.001298301223810117,1996.9621949289285,2.851798170491813,0.9447812375724772,3.0582812976364653,7.226801470185507,1.615449161073313,0.9656054058459466,1.7286829624459799,1.1852197094517218,0.9341552283236895,1.0127033064697346,1.2951286492930585,2.256297999258625,1.5148758066729267,3.0,0.1529657382564076,1999.9094694311693,2.6711604468943175,0.0008377746338443423,0.2642220306945958,0.40127544793182646,0.5271753505155125,0.15610995539338615,0.1436932205596155,0.625962382066479,0.19604964390906454,0.8,0.95,1987.7337174854042,0.16312965798308568,16.74204530050159,0.20248344143975558,17.387317567386376,0.8,0.31694595516698243,1995.0070094226414,2.741870846722597,0.0004583770699419708,8,77.18054455341779,209,41991,Simulation_OWBFYORX
0.0025190898056824196,0.5668270856000579,0.4568240763607433,0.0013236253968090838,1997.5467282532654,2.527980731446713,0.9315734385469954,2.9167003390511006,5.827198143322773,1.4901291324612036,0.9,1.7274843901405843,1.7190993265500127,0.9366709512757373,0.9,1.466684164130118,2.0685303482326876,1.6249441707093502,2.925279794543142,0.20111703079969195,2001.1062357469432,2.435484652178619,0.0009514104637625279,0.21398997128862102,0.4196297747219428,0.5498825411094923,0.23983523653385574,0.1227855514595071,0.5650448149895266,0.2130045992057351,0.7246142673035959,0.95,1988.8342029192956,0.30742804388566625,16.237041726640413,0.19967103453299262,18.620241502071053,0.7749908282963116,0.362702122961466,1995.1994881703808,2.797509576017885,0.0004994691063496164,7,76.81251884442042,210,26229,Simulation_ZRFBXQ3A
0.002533332626443162,0.6918419537108687,0.4234766586442467,0.001,1996.630476294971,2.398905542214342,0.9839722996683542,2.803472716649987,6.967847584427533,1.3560173361077534,1.2403369487977756,1.999511803269673,0.9727826023648242,0.9,0.9786524358468013,1.4016995991306131,2.2517128484759734,1.523774249764225,2.925034789364835,0.21953758504153792,1999.5808032727095,2.5622963266372487,0.001,0.21769943050962826,0.4369245569456857,0.5310568485339993,0.12701121753024333,0.12955233912966613,0.7107768738542227,0.2659380649110501,0.8,0.9320060838981508,1988.6805632641478,0.26238454334483413,16.568347578100948,0.1462602236350316,17.898716951432935,0.8,0.22832490381741033,1997.6868184020516,2.7403326714186216,0.00046226737274389726,5,76.08684877866445,211,48293,Simulation_G0I416UN
0.002553810333034314,0.6435138992596585,0.4424638751601057,0.0015846833310768104,1997.8821823490186,2.789564004801514,0.9922468384686239,2.8850226671854347,7.649340497737034,1.5020459182880446,0.9,1.9239275624838015,0.9,0.9,1.027776175497706,1.350868546183866,2.0618339859474824,1.4906290936577082,2.794725037703157,0.20614059738653498,2002.2529643703947,2.8292538645177903,0.001,0.22211024793502052,0.46864565657682083,0.6342150967483884,0.17354770547863213,0.11767594651774609,0.3618603518549254,0.035301700069834546,0.8,0.8926119634052833,1987.8226727423341,0.15060882904224587,17.1872208009048,0.11777318520447197,17.486469575756608,0.8,0.2063730268724944,1995.0,2.7560145580133293,0.00047715621553982444,8,76.88231538471773,212,13619,Simulation_99HREEOQ
0.0023497172848870023,0.5604513518809967,0.40883581103091965,0.0012868909161671562,1996.1541907516341,2.3517296294171977,0.8872219410274175,2.4781039527371407,5.285795917104248,1.365686216225295,0.9,1.9172973232060693,1.041640349058907,0.9093280659051949,0.9,1.5665889732862197,2.1811217592828562,1.4848296588829462,3.0,0.12079031168778696,2000.3777529358103,2.6623613631856133,0.0007243102421897856,0.2254881026449833,0.45951198673722066,0.5542816043676639,0.28915239692324707,0.16109529978110776,0.5465650698354763,0.2335403086175562,0.690085110631274,0.95,1986.3158363030373,0.3061895211698482,16.157809319986818,0.14909650505269956,17.404389564649733,0.7521144037233484,0.2216421558515133,1996.0934120834384,3.0649116536836525,0.0004642786604269344,3,76.86206876543001,213,6067,Simulation_IZKIEZVV
0.002373207089355628,0.563948355630063,0.5,0.00167078730688689,1995.890078511308,2.5677599222288126,0.9931317291774093,3.038296664279786,8.0,1.284420445855104,0.9644468720275086,1.736491934872502,0.9416182897371691,1.052410466577205,1.025753102159292,1.166546913419439,2.632884858785763,1.2633123724086648,2.801322319840429,0.18089348528823684,2002.4159840899429,3.8296510684263496,0.0009974334676712152,0.1688428903602694,0.4139307526047334,0.4902020092174047,0.08741017802698488,0.12082090907756513,0.4586528326090967,0.054087034347042456,0.7627651154360089,0.95,1987.4016399726715,0.12957574356225282,16.93908217359838,0.11286050575608841,17.875426430804783,0.7557442156942074,0.3263601419031564,1995.0,1.9367721817468948,0.00046364164934519306,15,74.64211316777822,214,5434,Simulation_ZI48RK3O
0.0023497172848870023,0.5604513518809967,0.40883581103091965,0.0012868909161671562,1996.1541907516341,2.3517296294171977,0.8872219410274175,2.4781039527371407,5.285795917104248,1.365686216225295,0.9,1.9172973232060693,1.041640349058907,0.9093280659051949,0.9,1.5665889732862197,2.1811217592828562,1.4848296588829462,3.0,0.12079031168778696,2000.3777529358103,2.6623613631856133,0.0007243102421897856,0.2254881026449833,0.45951198673722066,0.5542816043676639,0.28915239692324707,0.16109529978110776,0.5465650698354763,0.2335403086175562,0.690085110631274,0.95,1986.3158363030373,0.3061895211698482,16.157809319986818,0.14909650505269956,17.404389564649733,0.7521144037233484,0.2216421558515133,1996.0934120834384,3.0649116536836525,0.0004642786604269344,3,76.99127955689836,215,54655,Simulation_FEXIH2RZ
0.002540282241593395,0.5408662361512128,0.448050588906252,0.0013177984803098243,1995.705312405807,2.4526201225273994,0.9999,2.7168997939039126,8.0,1.6250097077678067,1.054335177685351,2.0,0.9,0.9316007354802986,1.0978982536713742,1.4102049011330726,2.3890333740482776,1.445735064653892,2.980997401626813,0.2450284240559574,2002.4587897141619,2.872151140668488,0.0009494629828217411,0.20096624024270268,0.4,0.500144122811789,0.10030547014455467,0.14019461488076837,0.5403134887522932,0.1748230085019472,0.7878287137802011,0.95,1988.0323155583803,0.1819980733231458,17.22251149010573,0.15172893302005958,17.209894508387876,0.8,0.26706824486318,1995.2414741572816,2.82569991331873,0.0005942840771023316,8,77.39901480766537,216,44631,Simulation_JEI6ZFUZ
0.002297303871398129,0.5879197731991215,0.5,0.001,1995.0,2.618195300002195,0.7836478275694942,3.2433412519079994,8.0,1.1798420848676379,0.9,1.7840756112085492,0.9286407535060202,1.095085900186462,0.9726847596588339,1.2410803168354603,2.3201282843021414,1.3029912807421573,2.9251437495275336,0.15327794840973746,2001.8203640784957,3.649765702813201,0.0009040432473599357,0.25714732977256727,0.48155010886840044,0.562406041746422,0.07818182893537534,0.11017974957656136,0.46235729918827245,0.15483266979313975,0.7617005819325698,0.95,1987.0564719192457,0.1,17.114113225336197,0.16536234019128027,16.909992530055206,0.8,0.32567948987590567,1995.0,1.9870838904506203,0.0008134270764696246,11,77.03222316053262,217,701,Simulation_BZPBCS08
0.00248264630702512,0.7127633346780557,0.5,0.0015119677154656033,1995.665396243741,2.6172105766595264,0.8851611365073732,2.6124462749139696,6.985553728006447,1.3211347476670936,1.1042168090943247,1.8797814645088817,1.1676949860399661,0.9,0.9756701329934305,1.414454994474855,1.8431859990192399,1.4028594657810887,3.0,0.15960779583461449,2000.482592643913,2.730768459312054,0.001,0.24429450515456833,0.41689415642745686,0.5972878317880552,0.1430993556269216,0.09612982133591355,0.5548710189365552,0.1735172823666983,0.67343233381328,0.9436696166960455,1987.004548997728,0.2806410835023082,16.598414836525098,0.18947956500362423,18.00754603688337,0.7945365816513689,0.15940306467576162,1995.0,3.359895407748813,0.0005324114267638159,5,76.96497035272766,218,63175,Simulation_TBB485QE
0.00232804095470791,0.6084660657583819,0.46290957939491767,0.0014416224780413208,1995.7140947038854,2.3232563164088194,0.9637555467001306,2.7586827160368848,5.67212178875824,1.4038735283942538,0.9,1.9372532158547282,0.9932232131268144,0.9072445665355857,0.9,1.4399834664123277,1.868046368642337,1.505499658290992,2.81046701543752,0.14491809833761915,2000.5700387010345,3.332448814998523,0.0009675617002344584,0.18594723372131755,0.4059562761620679,0.5894719897409562,0.21483725860992173,0.10910394140770692,0.40578558586049857,0.3072360209429742,0.5503991994634523,0.95,1987.4411178813416,0.2896206991974392,16.23936592653415,0.1566138701145631,18.248566707504857,0.7964404013100531,0.3484355259476311,1996.5741270636097,3.0804177011961835,0.0009219539193188278,4,75.3784175987914,219,12056,Simulation_8LHIJZGD
0.002550198656627275,0.6174879288441449,0.47152301857867235,0.0013952454469029422,1996.6630349274467,2.5026086363671465,0.8605182442441244,2.8687122171940858,6.7681555671238565,1.4632727736890774,0.9,1.9051156348253042,0.9,0.9,0.9627841800569181,1.4133014560044475,2.243018847428718,1.5153893553285795,3.0,0.1866160741297357,2000.7385366616513,3.0987616802561804,0.0009262494168002246,0.21678863576150442,0.42250284321809456,0.5731698478025171,0.1710781199983758,0.1196537781442093,0.6043579745510003,0.20644282683595633,0.8,0.95,1987.816546706512,0.23248249591808592,16.78695994309292,0.17264741272580567,18.351652043009636,0.8,0.24229949209452264,1996.0039756513295,2.913457291702272,0.0005504063047240372,7,77.23800312693776,220,9045,Simulation_X4JO6DRB
0.0025118070433539706,0.626759768674251,0.4508085892878199,0.0011739953883815768,1996.2223355144524,2.4920048037843476,0.9999,3.052079895639942,5.8657311385640245,1.5378264501489627,0.9,2.0,0.9105254093293195,0.9597307411120259,0.9695443414422728,1.5178998177947847,2.057406271194689,1.6068063323728876,3.0,0.2595635051214157,2000.4922496127845,3.147039338782136,0.0009925188508914805,0.2057805873157137,0.4176107806594855,0.5821745445084989,0.18036956788187206,0.1438595714541176,0.5442340538546397,0.1978565789364482,0.8,0.95,1987.6049127156598,0.21760344730085038,16.6521169684675,0.15083449342891378,17.729372991460473,0.7690995921479896,0.2397438476502463,1995.7918819995461,2.834765681113399,0.00066647510790133,5,77.14135946792496,221,12802,Simulation_VMOAW5KK
0.0022988187507445917,0.6316248776659869,0.4421059111441001,0.001,1995.2200507792459,2.567793024930936,0.888344956570768,3.2999425346127538,6.576838084720993,1.2927803162254088,0.9,1.9565754485998068,1.1672420582381275,1.0842384350996876,1.0552388837965816,1.061524468383029,2.3873450055659777,1.0172243201069058,3.0,0.21096761299099256,2003.0345467082313,3.0162268284171323,0.0008949015877758499,0.15429336063935734,0.5072687991876874,0.5661875961337979,0.0,0.10926925257486372,0.46733812252454515,0.09451560273626419,0.7187480314644141,0.7858360104306892,1986.7276714845248,0.15261511159906047,16.755432888893406,0.2014847118024194,17.63995679144513,0.7365833844777651,0.450570973683273,1995.0,2.1735739527565325,0.0005916767252660473,13,75.69898631840867,222,40793,Simulation_Y84638AU
0.0022705693779064276,0.5750653409048769,0.43622244368339136,0.0015242537399250617,1996.149607125738,2.6471275768645217,0.8605847577636693,2.9033635050529183,4.277547174098765,1.3660675146215633,0.9,1.9188762085571882,1.3459037336719537,0.9,1.1088094646425155,1.6179058996271933,2.2615273549246364,1.5276898107053767,2.8258585234414264,0.19552614197651624,1998.7823144641513,2.59997831715653,0.0008712694845253736,0.24716869248825946,0.4481773239872878,0.531255429907868,0.34535064374469643,0.17197880795512133,0.5192777805430211,0.18020942760476716,0.6141672514980138,0.9046608525434099,1987.1180189318904,0.2420381623095034,16.583697573371197,0.1448255812226962,17.84962993859038,0.746023873046092,0.20425156510271783,1996.5607276565863,3.597884423444799,0.00046574982602257977,3,75.10133689504099,223,16372,Simulation_5U6UAM0G
0.0025506489302253247,0.6975021038109568,0.4154058896484195,0.0014740151515405813,1998.8626261219574,2.435309103435262,0.9811351633977158,2.5344288444028056,7.282230027054885,1.412042629202334,0.9,1.9645160063818918,0.9,0.921042648158123,0.9932869675758803,1.3791392473919482,2.036694754522485,1.4782898790680687,3.0,0.22178434729264215,2001.5721896197067,3.1076516443462374,0.00095684854469072,0.3099780116307126,0.40229267609958863,0.5990280955061256,0.10824111298597881,0.13222378498529538,0.44634309950665574,0.22724317198656613,0.7873278545185898,0.95,1985.628895229673,0.15453685037466777,16.98580765659308,0.19479357255225382,17.19487341480918,0.7206417881519513,0.15080589217379953,1995.299543207686,2.510841579830626,0.00046756047925128644,8,76.4489949237238,224,22909,Simulation_G4DDX16P
0.002271383099409648,0.6224847090486575,0.4371226543270568,0.0010955965053301275,1996.061177644854,2.4300024185077533,0.9661233485808718,2.9345950147422593,6.947833481135659,1.1072968768989513,0.994310975384412,1.9481110369154826,1.0019438321506533,1.0307491267023092,1.1511806324249134,1.1233272426529621,2.4839990677024155,1.4231146828596677,2.90838247240297,0.17906748161957384,2001.289563252779,2.6207621576823668,0.0009768081025648752,0.33770213186045583,0.4225588408688599,0.4786977210833867,0.03575020974231102,0.14010437849525523,0.36632901783734684,0.1379405630252966,0.6577088114982709,0.95,1986.5713898034328,0.10184154804382888,16.619685134594743,0.19373662156631838,17.23100783272114,0.747695724667601,0.28518599942804507,1995.77294926099,2.257908602673849,0.0006167034086135584,11,75.98269777489246,225,45931,Simulation_FPDUORWL
0.002595695667504103,0.5005906234244198,0.43254966945262124,0.0013777308402043646,1996.3519683182315,2.589747539244189,0.9193883349287063,2.8926584631199703,6.162663820372566,1.5974640940495088,0.9,1.8765134155002983,0.9,0.9,1.0228074079577993,1.3350411706858205,2.2427830688639596,1.5182917897640156,2.7065397126476123,0.15823473453051143,1999.9652065094413,3.036658312215209,0.0009347078320139766,0.17884983127000845,0.4046588086811093,0.6092375716818513,0.21128967233641877,0.09446142205984355,0.6255526231360303,0.30922139579980085,0.8,0.95,1988.0868937052223,0.2338219230954021,16.63238421993644,0.20354403251036648,18.32952090864084,0.7968136594469031,0.22777608434402685,1996.2960938360297,2.175152389128809,0.00039732596881894767,7,76.87818961086697,226,38223,Simulation_T2PK1HP2
0.0024803795389546916,0.5702504176737417,0.4273212145229178,0.001467323705514948,1996.65144087423,2.8725116542939286,0.9218934769785747,2.9185586000774117,7.367747578142502,1.4190247994199527,0.9352213154709922,1.9602862883930605,0.9,0.9,1.0206437820471927,1.2706467479084642,2.6231684777126514,1.5437605053484733,3.0,0.24064636201226863,2001.3878863840218,2.845877229199874,0.001,0.26528128901924747,0.4074483038445599,0.5390540974832441,0.09370547637305077,0.1615372821672864,0.49060369540751664,0.21215431552983105,0.7314225044669864,0.943386293484324,1987.5016317739266,0.23982735119503157,17.341354684086017,0.17851810108796815,17.921576143754017,0.7944519859356918,0.21191195760120893,1995.0,2.5749781379503762,0.00043282579512231257,9,76.54913907201815,227,49475,Simulation_FQ1DWFUT
0.002398370553279351,0.6484521021276688,0.4250520945176594,0.0010719692273891788,1995.4288732262446,2.5765870869630807,0.8795562661986638,3.1029165078692396,7.637855809387241,1.2931199148652397,1.144650268537382,1.87183237789207,0.9,1.207884221380699,1.1305454409614153,1.2398099318783709,2.6510672505291453,1.429518524545653,3.0,0.2066599592020906,2002.6602569035808,2.945734740914893,0.0008686370561255275,0.3374146402927797,0.4118641610009588,0.6112739880840713,0.1066414955742252,0.17775273837484432,0.5813089947691719,0.13337097828220967,0.8,0.9385474093446691,1989.2049174285419,0.1,16.501769041104332,0.17542904988882502,18.2530423979099,0.7517316045424494,0.15020846604413557,1996.1867222322328,2.4805673586551746,0.0005470885800626772,10,77.25595015767311,228,14507,Simulation_O429BQJR
0.0023492579965315548,0.5971433975327041,0.46208351372338224,0.001615383736669357,1995.6633472622095,2.243227931919413,0.9999,2.590796273565884,5.834947718388353,1.470036824498675,0.9914804248222783,1.8847092099522225,1.0551894130696216,0.9,0.9,1.4795505374734226,2.1013576382141967,1.5308007197857887,3.0,0.1642999234908279,2000.6912909760006,3.1605308732003152,0.000847637131458781,0.23252926964963982,0.4368253665398179,0.5536128937013822,0.2025307647614873,0.11286759736210861,0.3836959387896687,0.2640321925452285,0.6492950753910266,0.95,1987.250298914492,0.21449178461666063,16.785979613306484,0.17019845908005102,18.19734922098695,0.7932620450886138,0.2622379344170739,1995.7597834743005,2.7072553170721787,0.0005604994339663208,4,76.83219844813719,229,40400,Simulation_ZO10U2J4
0.002463262613854398,0.6520777904624765,0.5,0.001946300309940119,1995.7029770316929,2.726544510789967,0.8745501065735519,2.9922220112750915,6.7480344017057305,1.3742122580059626,1.0541684871825794,2.0,0.9,0.9,1.1113387917100588,1.3243956277137452,2.118574906061788,1.537467806118165,2.921081873638901,0.12790659166449178,2001.3523151139211,3.361270155555225,0.0009563545531189974,0.26645857559395264,0.4,0.5841794154601996,0.16344171388872808,0.10179901682661338,0.5131369458046326,0.16236506872779782,0.8,0.95,1988.6869652138987,0.23111978785662257,16.759972811229733,0.17002891369856227,18.275262450818726,0.8,0.14659554259452198,1996.730958285218,2.6164643385341066,0.0006091904044357433,6,76.38292615413827,230,2217,Simulation_B1654P9Z
0.002667112822188615,0.6708444810564252,0.44429767798739594,0.0014361661546275324,1996.2935167157739,2.5603141123957696,0.8037192227300036,2.5645901416273036,6.020153384276742,1.4742380719050123,0.9019824702145908,1.921468959900768,0.9,1.0009486762070792,0.9628442724966271,1.439493580967816,2.4387650138775405,1.1922098905822676,2.8429887830090346,0.16030294884928575,2001.8327181454572,2.823348982064479,0.001,0.18513712810672533,0.4,0.6081581208011068,0.11416021796883019,0.08481105666018297,0.53526360911135,0.29011729935725256,0.8,0.95,1987.1419661112006,0.1650797173613351,16.78760183134681,0.11710455670441226,18.197235658292275,0.7588878183932175,0.26259450256183925,1995.9032635313724,2.806266650314543,0.0006706035185859349,5,74.44767129384189,231,52023,Simulation_I3WXPSU6
0.002636171531461809,0.5995747848315913,0.4430751951572697,0.0010219509592534048,1997.3719657865506,2.2877360480043683,0.7391777150887018,2.4988827355598136,6.539242507378731,1.5276371363660557,1.2017091759494152,1.8048630935608498,0.9,0.9,1.1837480562077403,1.3417819829600817,2.2082064493237126,1.6675419008163688,3.0,0.20117670370827678,1999.8017114972927,3.7480913504988385,0.0009159382720251186,0.15340316737528517,0.4506720773417467,0.6326523984844983,0.190341686096567,0.09468631431152177,0.667515945274623,0.16438149046161696,0.8,0.95,1987.098691656197,0.20897943506348954,16.951869732826754,0.18797152569481124,18.60122392156586,0.8,0.21003123607998309,1997.1395683896342,2.9622317031886083,0.0007166062722154855,5,76.90821191464248,232,49738,Simulation_CQRGMF18
0.0022811495069014654,0.5745049059209881,0.35656560699739476,0.0011718024968840912,1995.7917526450956,3.0075808831776225,0.8039241638560009,3.11516846877434,3.7471315288968987,1.2869550969517232,1.1113652683687798,1.753278107632507,1.1401059813740926,0.9,0.9870553933380528,1.610662360887658,2.2646037163944395,1.6231483834689997,2.9299649741801144,0.10068852385785668,2001.5231774887313,2.4482624037750385,0.0009384182723075013,0.1492780638687411,0.4881307008526531,0.43825638827131275,0.36171514090889695,0.07765778375869883,0.4881910938339521,0.3222253911619417,0.5405708221937447,0.9209922850681574,1983.2829050055998,0.3152314132685406,15.437627324568782,0.1034883916474891,17.627555301550288,0.7477596053435078,0.17696833082425895,1995.7282704730098,2.642011576827302,0.0003475490936925996,2,75.67740368542898,233,9474,Simulation_FO9GG9AK
0.002592764568886705,0.6003903737965042,0.41882141927922334,0.0013991331218689185,1997.1606125187984,2.7491438439606433,0.9938301545291025,3.090285471746681,7.388433821114093,1.4200808169851689,0.9184301728375184,1.7814459171274784,1.0807893768953842,0.9259871013158582,1.0947692187460916,1.2698868636077723,2.406586558998167,1.5884915205649022,3.0,0.21751064144133414,2001.5429614694256,3.606600223637853,0.001,0.20414628876221352,0.4,0.4841318191511146,0.09725644024443403,0.1364765749066148,0.7231395258454237,0.1383337713353352,0.8,0.917418180111565,1987.067387165672,0.1992089318245861,17.260316652777632,0.20831333428587295,17.263525816038907,0.8,0.31260747434893693,1996.140305861289,2.5556636698877178,0.0006542919407870199,8,76.75301600437628,234,34172,Simulation_OS8EK5YX
0.00254705996750632,0.6466918773739047,0.45297183341739555,0.0012843376548348792,1997.5152681135316,2.6542133251229685,0.9351660164472997,2.910691635897842,8.0,1.5536027437355808,0.9,1.826822310179832,0.9802461713311659,1.0626216740956607,1.0586291251073896,1.4876541022492342,2.0758352296401608,1.4640306023978047,3.0,0.19715802273555144,2000.9009131731507,3.217149887148615,0.001,0.2640999874388211,0.41671033649461475,0.4996094510103199,0.17406483971005812,0.1133808583665201,0.6094560516464163,0.11311520282945238,0.7656826685239037,0.95,1989.5831067818267,0.2209686275673392,16.54586877993466,0.18070941540770044,18.269947915474244,0.8,0.32346414023827763,1996.6420695517302,2.996656438169959,0.0006619644631136979,5,77.15250241593287,235,14953,Simulation_62ST7HL0
0.002550198656627275,0.6174879288441449,0.47152301857867235,0.0013952454469029422,1996.6630349274467,2.5026086363671465,0.8605182442441244,2.8687122171940858,6.7681555671238565,1.4632727736890774,0.9,1.9051156348253042,0.9,0.9,0.9627841800569181,1.4133014560044475,2.243018847428718,1.5153893553285795,3.0,0.1866160741297357,2000.7385366616513,3.0987616802561804,0.0009262494168002246,0.21678863576150442,0.42250284321809456,0.5731698478025171,0.1710781199983758,0.1196537781442093,0.6043579745510003,0.20644282683595633,0.8,0.95,1987.816546706512,0.23248249591808592,16.78695994309292,0.17264741272580567,18.351652043009636,0.8,0.24229949209452264,1996.0039756513295,2.913457291702272,0.0005504063047240372,6,77.36360457346082,236,58405,Simulation_B59XIPTU
0.002357306725445894,0.545175756804479,0.41765565189722864,0.001339330552447618,1995.7255326938186,2.4331627482046545,0.9186693740879367,3.439296681174895,7.221341706249933,1.3832229126672215,0.9,1.9710848698654782,0.9,1.3267939103111195,1.1086963699930945,1.2646624820659909,1.9071666214721277,1.1662056417557412,2.824115475114063,0.1727824595449884,2001.5132367704489,3.638011818765354,0.001,0.18306402032593563,0.4,0.5264941162926695,0.17852303334276376,0.16717511953870673,0.5425127187918101,0.10409876915857888,0.8,0.9116365675850024,1988.2058230394155,0.15334029896533005,16.4355782871018,0.14759059049510384,17.18236325538496,0.7157220840035917,0.33143894546243247,1995.5651938371216,2.353205182800057,0.0004986441057616424,10,77.37847081937221,237,23727,Simulation_8N5Z0UY0
0.002550198656627275,0.6174879288441449,0.47152301857867235,0.0013952454469029422,1996.6630349274467,2.5026086363671465,0.8605182442441244,2.8687122171940858,6.7681555671238565,1.4632727736890774,0.9,1.9051156348253042,0.9,0.9,0.9627841800569181,1.4133014560044475,2.243018847428718,1.5153893553285795,3.0,0.1866160741297357,2000.7385366616513,3.0987616802561804,0.0009262494168002246,0.21678863576150442,0.42250284321809456,0.5731698478025171,0.1710781199983758,0.1196537781442093,0.6043579745510003,0.20644282683595633,0.8,0.95,1987.816546706512,0.23248249591808592,16.78695994309292,0.17264741272580567,18.351652043009636,0.8,0.24229949209452264,1996.0039756513295,2.913457291702272,0.0005504063047240372,7,77.09331728180508,238,45693,Simulation_HA8P84B7
0.0024572716934064837,0.5317491141495373,0.3921816889763767,0.0013200710185756058,1997.6845322676327,2.8703406250954897,0.9660025091542824,3.01590777388147,7.548939717867838,1.4980684623655942,0.9,1.6690520988129305,1.2353939941628724,1.0810786623121365,1.0919560099463153,1.382309628404409,1.7772305136513573,1.5555834571957128,3.0,0.142005452122282,2001.2459132790598,3.2004327390428067,0.0009743489181810011,0.23838455329771555,0.4053923431433825,0.5344580312787844,0.14967058924250864,0.15997570210183557,0.47799003515561655,0.09416557457165428,0.796258250576837,0.95,1987.9266643201988,0.13910984120685568,16.676160599869924,0.14882481256806424,17.14220263566499,0.7326620340600539,0.29047678556509865,1995.8550031387404,2.924302186789708,0.0003549294627626438,9,77.01684805780673,239,38832,Simulation_IAS5UARN
0.002361822796605783,0.5565253636439174,0.39612767073848665,0.001427524427462815,1995.3625301884501,2.3411602955782493,0.8776845691182843,2.6883736747748532,5.08075968987036,1.4484789400353213,0.939624333110053,1.8971606143215196,1.0474347732916123,1.014844215617875,0.9148968317184829,1.3844036180191064,2.064044837735917,1.3517558698472156,3.0,0.13812653814148718,2000.9234768137658,3.465548191181324,0.0006167335586083592,0.31708700840863857,0.4590244557971706,0.5817582167669496,0.3455190285695195,0.1329845950189293,0.5139655780153558,0.24123202010829223,0.6319874850887528,0.9254303816239128,1988.0600600829973,0.3402776004661869,15.929804658103617,0.16528376489174376,17.35426145302172,0.746420311125458,0.2580071783872221,1997.032702572484,3.3221428890265843,0.0003196513769733679,3,76.11602571933668,240,21496,Simulation_EDP6FDI8
0.0023313658258534123,0.5982122332391945,0.4358752393762663,0.0011265448399164146,1995.0,2.696591528741118,0.9006084224837202,3.390456308474608,7.883495069548555,1.3063870298847624,0.9017826478139024,1.7809030542786288,0.9,1.1921924247354254,1.1592828057066997,1.4289583493906624,2.2588727861141535,1.226485314019124,2.700949212742639,0.24335946504754283,2001.3134101654314,3.7862429401108026,0.000983059906840949,0.1996723815492159,0.43772981551088147,0.5382165070249251,0.060208510887189724,0.13427485753883664,0.5123666149251794,0.08899648383790987,0.7787230356098177,0.95,1989.7642652332688,0.179801757562594,16.53631859651108,0.1456690651960364,16.85335285542177,0.7618886871629642,0.2543302679196878,1995.4096599975926,2.7045292319691483,0.0009606681728867789,10,75.41940130486861,241,36654,Simulation_QJXK8GJT
0.0025850046693673637,0.564654494892485,0.44302403903152743,0.0012979050353665667,1995.1504149061263,2.7137025228336444,0.9592435052159319,3.8906019400001886,7.560248872458914,1.3924634475855953,0.9034644491635077,1.8129556363541712,0.9151821242636544,1.071746920221462,1.1252211784908777,1.1931623846937176,2.398502588819005,1.3112161510630087,3.0,0.1881238730961862,2001.6873967947736,3.5560429795874855,0.00095304751615318,0.25733209155840525,0.4447257538497325,0.4779349706498369,0.07288478123915113,0.11927343738129702,0.37666933843258077,0.1154831271952546,0.7682120311342585,0.9193360465617046,1987.4938225361673,0.1,17.071399831632455,0.14804233665821048,17.610429226360672,0.7715425179736656,0.307492266442674,1995.0,2.4773901366940576,0.0003097429693478042,11,71.8575657395668,242,15281,Simulation_49RMKVB0
0.0023446999574979416,0.6053040677055918,0.5,0.0013644554616872042,1995.812942070689,2.1562781729110365,0.8987760643417474,2.3978346351533073,4.956040503348613,1.3540442742470384,1.0092962716402678,1.7579797046579835,1.0441687464706406,0.9,0.9,1.5427266791026895,2.2019958334648964,1.7058995262446466,3.0,0.20431738208448816,1999.4913825156277,2.868540143729383,0.0008117400838943915,0.23671048762202718,0.44377698213958444,0.5719319625170901,0.17377334373834136,0.11086263237169752,0.342838809829427,0.24588436545010203,0.5830867116253181,0.9309723166397202,1986.8882597741556,0.2004981975519324,16.519160480452662,0.17169260649131204,18.543302362949195,0.7690120716271542,0.24411910411310106,1995.2954449555764,2.6657703528925945,0.0006876724425134896,4,76.52413591601912,243,39245,Simulation_IXBOG5RB
0.002410874172874807,0.5958295097371705,0.37341420593610847,0.001,1995.9587568848729,2.720653958707586,0.775661623728421,3.2363128543046553,7.820411862614825,1.428206420177759,0.9476662226086241,1.9819713271611001,0.9,0.9902964872336116,1.0669072837300706,1.2021432405183916,2.3215422238277323,1.484599800767519,3.0,0.2325426026641995,2002.701902251981,3.7196712829334384,0.0008609954471643878,0.27390223699607047,0.45592569536728456,0.5479943546058441,0.04559426983708723,0.174824675029542,0.5819425479132613,0.13286785469096707,0.8,0.95,1988.6181407271074,0.16696671320259748,16.498078518656605,0.17224190707111797,18.57387483623677,0.796924604101733,0.3175951719640009,1995.7778452088562,2.4926712547427687,0.0004682681878864775,10,74.79539995250006,244,23631,Simulation_1EG7CPHJ
0.002468255987588543,0.621180411668999,0.4701777494452748,0.0017522823260513894,1995.6604221731282,2.3520251416562554,0.984361425313626,2.785629463067213,5.488842322858991,1.725985702365826,0.9,1.7989796354301073,1.1892378372024075,0.9412617482975552,0.9,1.485231218314405,2.170129744530447,1.527190702724117,2.8928436522019028,0.10617775728000875,2001.2641092540819,3.1155398861722463,0.001,0.22199333099887333,0.46241022201587617,0.5574698483960261,0.22865053700765686,0.08835419855623189,0.2843993837840092,0.23852621750500413,0.7392200593906946,0.95,1989.3500648312593,0.2546686771754542,16.64800398093676,0.16714613182655771,17.791042043287533,0.8,0.3244863212262925,1996.680981661583,2.5645789489646,0.0004526364241108993,4,76.59099074433959,245,42264,Simulation_U7NF4451
0.0024761945669906594,0.6962691693953748,0.4677565794230735,0.0014893776972718592,1995.9259028846584,2.7089563423571574,0.7908382753796945,2.7152357963713345,6.383174802847872,1.5081539669593784,0.9,1.840753131261657,1.0171313484577782,0.9,0.9104711496554434,1.423660917358892,2.2285179894836467,1.4649141775434402,2.907174243178819,0.10467146608650477,2000.7524256889806,2.928404825205481,0.0009632287588577249,0.2622019965977178,0.4891995842321375,0.5349811091806049,0.190514573854167,0.1240083112055903,0.6607170208599662,0.20010749104197384,0.8,0.8207574116126252,1987.042099858394,0.20418322606085945,16.192608858319637,0.17092840314124802,19.295082004481994,0.8,0.26306889581210535,1995.5512785103745,3.077188686397977,0.0004150220296057919,5,76.70584411949675,246,42169,Simulation_6MMVOK01
0.002550198656627275,0.6174879288441449,0.47152301857867235,0.0013952454469029422,1996.6630349274467,2.5026086363671465,0.8605182442441244,2.8687122171940858,6.7681555671238565,1.4632727736890774,0.9,1.9051156348253042,0.9,0.9,0.9627841800569181,1.4133014560044475,2.243018847428718,1.5153893553285795,3.0,0.1866160741297357,2000.7385366616513,3.0987616802561804,0.0009262494168002246,0.21678863576150442,0.42250284321809456,0.5731698478025171,0.1710781199983758,0.1196537781442093,0.6043579745510003,0.20644282683595633,0.8,0.95,1987.816546706512,0.23248249591808592,16.78695994309292,0.17264741272580567,18.351652043009636,0.8,0.24229949209452264,1996.0039756513295,2.913457291702272,0.0005504063047240372,7,77.09331728180508,247,42205,Simulation_G62GIF9R
0.0023497172848870023,0.5604513518809967,0.40883581103091965,0.0012868909161671562,1996.1541907516341,2.3517296294171977,0.8872219410274175,2.4781039527371407,5.285795917104248,1.365686216225295,0.9,1.9172973232060693,1.041640349058907,0.9093280659051949,0.9,1.5665889732862197,2.1811217592828562,1.4848296588829462,3.0,0.12079031168778696,2000.3777529358103,2.6623613631856133,0.0007243102421897856,0.2254881026449833,0.45951198673722066,0.5542816043676639,0.28915239692324707,0.16109529978110776,0.5465650698354763,0.2335403086175562,0.690085110631274,0.95,1986.3158363030373,0.3061895211698482,16.157809319986818,0.14909650505269956,17.404389564649733,0.7521144037233484,0.2216421558515133,1996.0934120834384,3.0649116536836525,0.0004642786604269344,3,76.72418121188396,248,27053,Simulation_HFJO7PET
0.002511854157826503,0.6059834208789526,0.4460899337690108,0.0011965285523178552,1997.0641202209965,2.946457106303092,0.9292552283802282,2.698174030311841,7.089580602715412,1.473814941120037,0.9354037693053672,2.0,1.0274064993754743,1.0613473386698908,1.0011161294256539,1.4142019188368855,2.3088033349387285,1.5353891021735524,3.0,0.20565600048651073,2001.5734622727562,3.625116784903319,0.0007846409912878479,0.24118992824695634,0.4,0.5564778524708205,0.19800745804207187,0.1479422582364592,0.5811326301290368,0.06751730805152487,0.7361129629209546,0.9420245459150812,1987.2215596379167,0.17210255990836887,16.96056594964241,0.178486002746856,17.41344950159155,0.775815688979959,0.1648405432480696,1995.0,2.43787876407747,0.0005874765809666398,9,76.52987367846985,249,60916,Simulation_R8NG7I5G
